date_added,song,artist,artist_id,album,release_date
2022-04-29,Tamed-Dashed,ENHYPEN,5t5FqBwTcgKTaWmfEbwQY9,DIMENSION : DILEMMA,2021-10-12
2022-04-29,Some,BOL4,4k5fFEYgkWYrYvtOK3zVBl,Red Diary Page.1,2017-09-27
2022-04-29,RAINBOW,TWICE,7n2Ycct7Beij7Dj7meI4X0,Feel Special,2019-09-23
2022-04-29,Feel Special,TWICE,7n2Ycct7Beij7Dj7meI4X0,Feel Special,2019-09-23
2022-11-26,In & Out,Red Velvet,1z4g3DjTBBZKhvAroFlhOM,‘The ReVe Festival’ Finale,2019-12-23
2022-04-29,BREAKTHROUGH - Korean Version,TWICE,7n2Ycct7Beij7Dj7meI4X0,Feel Special,2019-09-23
2022-08-14,Why So Lonely,Wonder Girls,3Cv2vi3WTl8VZOTdrBkKdM,Why So Lonely,2016-07-05
2022-04-29,Sweet Chaos,DAY6,5TnQc2N1iKlFjYD7CPGvFc,The Book of Us : Entropy,2019-10-22
2022-04-29,LOVE FOOLISH,TWICE,7n2Ycct7Beij7Dj7meI4X0,Feel Special,2019-09-23
2022-04-29,Cry Baby,OFFICIAL HIGE DANDISM,5Vo1hnCRmCM6M4thZCInCj,Cry Baby,2021-05-07
2022-04-29,rendezvous 18.6y,LOONA/yyxy,5JPKwLsHGaPIlxqHiF29e4,beauty&thebeat,2018-05-30
2022-04-29,frozen,LOONA/yyxy,5JPKwLsHGaPIlxqHiF29e4,beauty&thebeat,2018-05-30
2022-04-29,Given-Taken,ENHYPEN,5t5FqBwTcgKTaWmfEbwQY9,BORDER : DAY ONE,2020-11-30
2022-08-14,You Were Beautiful,DAY6,5TnQc2N1iKlFjYD7CPGvFc,SUNRISE,2017-06-07
2022-04-29,Drunk-Dazed,ENHYPEN,5t5FqBwTcgKTaWmfEbwQY9,BORDER : CARNIVAL,2021-04-26
2022-04-29,FEVER,ENHYPEN,5t5FqBwTcgKTaWmfEbwQY9,BORDER : CARNIVAL,2021-04-26
2022-04-29,STEP BY STEP,OH MY GIRL,2019zR22qK2RBvCqtudBaI,WINDY DAY,2016
2022-04-29,I Smile,DAY6,5TnQc2N1iKlFjYD7CPGvFc,SUNRISE,2017-06-07
2022-04-29,Décalcomanie,MAMAMOO,0XATRDCYuuGhk0oE7C0o5G,MEMORY,2016-11-07
2022-08-14,Starry Night,MAMAMOO,0XATRDCYuuGhk0oE7C0o5G,Yellow Flower,2022-06-01
2022-04-29,water color,Whee In,0BqRGrwqndrtNkojXiqIzL,Redd,2021-04-13
2022-04-29,Egotistic,MAMAMOO,0XATRDCYuuGhk0oE7C0o5G,RED MOON,2018-07-16
2022-04-29,Wind flower,MAMAMOO,0XATRDCYuuGhk0oE7C0o5G,BLUE;S,2018-11-29
2022-04-29,Secret,WJSN,6hhqsQZhtp9hfaZhSd0VSD,THE SECRET,2016-08-17
2022-04-29,FANCY,TWICE,7n2Ycct7Beij7Dj7meI4X0,FANCY YOU,2019-04-22
2022-07-27,Uh-Oh,i-dle,2AfmfGFbe0A0WsTYm0SDTx,Uh-Oh,2019-06-26
2022-04-29,Red Flavor,Red Velvet,1z4g3DjTBBZKhvAroFlhOM,The Red Summer - Summer Mini Album,2017-07-09
2022-07-27,BBIBBI,IU,3HqSLMAZ3g3d5poNaI7GOU,BBIBBI,2018-10-10
2022-07-27,Tempo,EXO,3cjEqqelV9zb4BYE3qDQ4O,DON’T MESS UP MY TEMPO – The 5th Album,2018-11-02
2022-04-29,CALL ME BABY,EXO,3cjEqqelV9zb4BYE3qDQ4O,EXODUS - The 2nd Album,2015-03-30
2022-07-27,If You Do,GOT7,6nfDaffa50mKtEOwR8g4df,MAD Winter Edition,2015-11-23
2022-07-27,Icarus,JJ Project,0yvw5zYym2ZnM2vngHvfWW,Verse 2,2017-07-31
2022-04-29,LATATA,i-dle,2AfmfGFbe0A0WsTYm0SDTx,I am,2018-05-02
2022-08-14,Kids,MGMT,0SwO7SWeDHJijQ3XNS7xEE,Oracular Spectacular,2007-12-14
2022-04-29,러시안 룰렛 Russian Roulette,Red Velvet,1z4g3DjTBBZKhvAroFlhOM,Russian Roulette - The 3rd Mini Album,2016-09-07
2022-04-29,Butterfly,LOONA,52zMTJCKluDlFwMQWmccY7,[X X],2019-02-19
2022-04-29,Love me or Leave me,DAY6,5TnQc2N1iKlFjYD7CPGvFc,The Book of Us: The Demon,2020-05-11
2022-04-29,love4eva (feat. Grimes),LOONA/yyxy,5JPKwLsHGaPIlxqHiF29e4,beauty&thebeat,2018-05-30
2022-04-29,What is Love?,TWICE,7n2Ycct7Beij7Dj7meI4X0,Summer Nights,2018-07-09
2022-04-29,DDD,EXID,1xs6WFotNQSXweo0GXrS0O,Full Moon,2017-11-07
2022-04-29,MIROH,Stray Kids,2dIgFjalVxs4ThymZ67YCE,Clé 1 : MIROH,2019-03-25
2022-04-29,Save Me,BTS,3Nrfpe0tUJi4K4DXYWgMUX,The Most Beautiful Moment in Life: Young Forever,2016-05-02
2022-04-29,Fake & True,TWICE,7n2Ycct7Beij7Dj7meI4X0,Fake & True,2019-10-18
2022-04-29,HIP,MAMAMOO,0XATRDCYuuGhk0oE7C0o5G,reality in BLACK,2019-11-14
2022-04-29,LIKEY,TWICE,7n2Ycct7Beij7Dj7meI4X0,twicetagram,2017-10-30
2022-04-29,Monster,EXO,3cjEqqelV9zb4BYE3qDQ4O,EX'ACT,2016-06-09
2022-04-29,Miniskirt,AOA,54gWVQFHf8IIqbjxAoOarN,MINISKIRT,2014-01-16
2022-07-27,Full Moon,SUNMI,6MoXcK2GyGg7FIyxPU5yW6,Full Moon,2014-02-17
2022-04-29,TT,TWICE,7n2Ycct7Beij7Dj7meI4X0,TWICEcoaster: LANE1,2016-10-24
2022-04-29,SIGNAL,TWICE,7n2Ycct7Beij7Dj7meI4X0,SIGNAL,2017-05-15
2022-04-29,1 to 10,DAY6,5TnQc2N1iKlFjYD7CPGvFc,The Book of Us: The Demon,2020-05-11
2022-04-29,days gone by,DAY6,5TnQc2N1iKlFjYD7CPGvFc,"Remember Us : Youth, Pt. 2",2018-12-10
2022-07-27,Stay Beautiful,JAMIE,2YXlVLKq3X3soXd2aXUtIT,Stay Beautiful,2019-08-26
2022-04-29,Best Part,DAY6,5TnQc2N1iKlFjYD7CPGvFc,The Book of Us : Gravity,2019-07-15
2022-04-29,Day and Night,DAY6,5TnQc2N1iKlFjYD7CPGvFc,The Book of Us: The Demon,2020-05-11
2022-04-29,STOP,DAY6,5TnQc2N1iKlFjYD7CPGvFc,The Book of Us: The Demon,2020-05-11
2022-04-29,I Wait,DAY6,5TnQc2N1iKlFjYD7CPGvFc,SUNRISE,2017-06-07
2022-04-29,I'm Serious,DAY6,5TnQc2N1iKlFjYD7CPGvFc,SUNRISE,2017-06-07
2022-04-29,Hi Hello,DAY6,5TnQc2N1iKlFjYD7CPGvFc,MOONRISE,2017-12-06
2022-04-29,How Can I Say,DAY6,5TnQc2N1iKlFjYD7CPGvFc,SUNRISE,2017-06-07
2022-04-29,121U,DAY6,5TnQc2N1iKlFjYD7CPGvFc,"Remember Us : Youth, Pt. 2",2018-12-10
2022-04-29,365247,DAY6,5TnQc2N1iKlFjYD7CPGvFc,The Book of Us : Entropy,2019-10-22
2022-04-29,I Would,DAY6,5TnQc2N1iKlFjYD7CPGvFc,SUNRISE,2017-06-07
2022-04-29,Obsession,EXO,3cjEqqelV9zb4BYE3qDQ4O,OBSESSION – The 6th Album,2019-11-27
2022-04-29,Phoenix,League of Legends,47mIJdHORyRerp4os813jD,Phoenix,2019-10-08
2022-04-29,Congratulations,DAY6,5TnQc2N1iKlFjYD7CPGvFc,The Day,2015-09-07
2022-04-29,Feel Good Inc.,Gorillaz,3AA28KZvwAUcZuOKwyblJQ,Demon Days,2005-05-23
2022-04-29,Black Skinhead,Kanye West,5K4W6rqBFWDnAN6FQUkS6x,Yeezus,2013-06-18
2022-04-29,"All The Stars (with SZA) - From ""Black Panther: The Album""",Kendrick Lamar,2YZyLoL8N0Wb9xBt1NhZWg,Black Panther The Album Music From And Inspired By,2018-02-09
2022-04-29,King Kunta,Kendrick Lamar,2YZyLoL8N0Wb9xBt1NhZWg,To Pimp A Butterfly,2015-03-16
2022-04-29,Walking On A Dream,Empire Of The Sun,67hb7towEyKvt5Z8Bx306c,Walking On A Dream (10th Anniversary Edition),2008-10-03
2022-04-29,Cookie Chips,Rejjie Snow,3lLHpTOJ11tWiUNGYN14gt,Cookie Chips,2020-07-13
2022-04-29,Adore You,Harry Styles,6KImCVD70vtIoJWnq6nGn3,Fine Line,2019-12-13
2022-04-29,Electric Feel,MGMT,0SwO7SWeDHJijQ3XNS7xEE,Oracular Spectacular,2007-12-14
2022-04-29,As We Fall,League of Legends,47mIJdHORyRerp4os813jD,As We Fall,2017-12-01
2022-04-29,怪物,YOASOBI,64tJ2EAv1R6UaZqc4iOCyj,THE BOOK 2,2021-12-01
2022-04-29,群青,YOASOBI,64tJ2EAv1R6UaZqc4iOCyj,THE BOOK,2021-01-06
2022-04-29,三原色,YOASOBI,64tJ2EAv1R6UaZqc4iOCyj,THE BOOK 2,2021-12-01
2022-04-29,Shinzo wo Sasageyo !,Linked Horizon,3eNYrVLcWfjJ9JdH9kiPJO,Shingeki no Kiseki,2017-05-17
2022-07-27,Love Talk - English Version,WayV,1qBsABYUrxg9afpMtyoFKz,Love Talk (English Version),2019-11-05
2022-07-27,MIDDLE OF THE NIGHT,MONSTA X,4TnGh5PKbSjpYqpIdlW5nz,ALL ABOUT LUV,2020-02-13
2022-04-29,Guren no Yumiya,Linked Horizon,3eNYrVLcWfjJ9JdH9kiPJO,Shingeki no Kiseki,2017-05-17
2022-04-29,Jiyuu no Tsubasa,Linked Horizon,3eNYrVLcWfjJ9JdH9kiPJO,Shingeki no Kiseki,2017-05-17
2022-04-29,Don't Know You,Heize,5dCvSnVduaFleCnyy98JMo,"/// (You, Clouds, Rain)",2017-06-26
2022-04-29,We don't talk together (Prod. by SUGA),Heize,5dCvSnVduaFleCnyy98JMo,We don’t talk together,2019-07-07
2022-04-29,Jenga (feat. Gaeko),Heize,5dCvSnVduaFleCnyy98JMo,Wish & Wind,2018-03-08
2022-04-29,Tree Only Look at You,Heize,5dCvSnVduaFleCnyy98JMo,She's Fine,2019-03-19
2022-04-29,First Sight,Heize,5dCvSnVduaFleCnyy98JMo,First Sight,2018-12-14
2022-04-29,Don't Stop Me Now,Queen,1dfeR4HaWDbWqFHLkxsg1d,Discover More Classic Rock,2020-08-10
2022-04-29,RISE,League of Legends,47mIJdHORyRerp4os813jD,RISE,2018-09-28
2022-04-29,Legends Never Die,League of Legends,47mIJdHORyRerp4os813jD,Legends Never Die,2017-09-15
2022-07-27,NEON,YUKIKA,4RfI1z9u2xIc5Qnqac4JbO,NEON,2019-02-22
2022-08-14,Weekend,TAEYEON,3qNVuliS40BLgXGxhdBdqu,INVU - The 3rd Album,2022-02-14
2022-04-29,Viva La Vida,Coldplay,4gzpq5DPGxSnKTe4SA8HAU,Viva La Vida or Death and All His Friends,2008-06-19
2022-05-07,LOVE DIVE,IVE,6RHTUrRF63xao58xh9FXYJ,LOVE DIVE,2022-04-05
2022-05-07,Travel,BOL4,4k5fFEYgkWYrYvtOK3zVBl,Red Diary Page.2,2018-05-24
2022-05-08,Immigrant Song - Remaster,Led Zeppelin,36QJpDe2go2KgaRleHCDTp,Led Zeppelin III (Remaster),1970
2022-05-12,You(=I),BOL4,4k5fFEYgkWYrYvtOK3zVBl,Full Album RED PLANET,2016-08-29
2022-05-16,On Melancholy Hill,Gorillaz,3AA28KZvwAUcZuOKwyblJQ,Plastic Beach,2010-03-05
2022-05-16,Low Rider,War,3ICyfoySNDZqtBVmaBT84I,Why Can't We Be Friends?,1975-01-01
2022-05-18,Last Train At 25 O'clock,Lamp,0rFHElzeddB9ymDjgpBENX,For Lovers,2004-02-11
2022-05-23,As If It's Your Last,BLACKPINK,41MozSoPIsD1dJM0CLPjZF,As If It's Your Last,2017-06-22
2022-05-23,Shine,PENTAGON,1wKpMkucynaTfG8lyPprYV,Positive,2018-04-02
2022-05-23,Rooftop,N.Flying,2ZmXexIJAD7PgABrj0qQRb,FLY HIGH PROJECT #2 'Rooftop',2019-01-02
2022-05-23,dlwlrma,IU,3HqSLMAZ3g3d5poNaI7GOU,Palette,2017-04-21
2022-05-23,DANCE DANCE,DAY6,5TnQc2N1iKlFjYD7CPGvFc,SUNRISE,2017-06-07
2022-05-23,instagram,DEAN,3eCd0TZrBPm2n9cDG6yWfF,instagram,2017-12-26
2022-05-23,BABY,The Rose,5na1LmEmK2VzNLje9snJYW,Void,2018-04-16
2022-05-23,Sorry,The Rose,5na1LmEmK2VzNLje9snJYW,Sorry,2017-08-03
2022-05-23,RED,The Rose,5na1LmEmK2VzNLje9snJYW,RED,2019-08-13
2022-05-23,Insomnia,The Rose,5na1LmEmK2VzNLje9snJYW,Dawn,2018-10-05
2022-05-23,Take Me Down,The Rose,5na1LmEmK2VzNLje9snJYW,Dawn,2018-10-05
2022-05-23,California,The Rose,5na1LmEmK2VzNLje9snJYW,RED,2019-08-13
2022-05-23,I Don′t Know You,The Rose,5na1LmEmK2VzNLje9snJYW,Dawn,2018-10-05
2022-06-15,Express Moon,JO YURI,3LFFf4EpKn2krneZ9vozyz,GLASSY,2021-10-07
2022-06-24,love,DEAN,3eCd0TZrBPm2n9cDG6yWfF,love,2017-05-19
2022-06-24,Take Me Higher,A.C.E,25KT93FeotUTHC1dbLasxi,A.C.E Adventures in Wonderland,2018-06-08
2022-06-24,2easy (feat. Heize),NIve,1qOPo6b0U3t7BpyO8Ti1MF,2easy (feat. Heize),2020-11-26
2022-06-27,Never Stop Me,i-dle,2AfmfGFbe0A0WsTYm0SDTx,I NEVER DIE,2022-03-14
2022-06-30,Pied Piper,BTS,3Nrfpe0tUJi4K4DXYWgMUX,Love Yourself 承 'Her',2017-09-18
2022-07-02,SHOOT!,ITZY,2KC9Qb60EaY0kW4eH68vr3,GUESS WHO,2021-04-30
2022-07-03,Dancing with my phone,HYBS,4mr4X9nJC8DPlNukWbgAaI,Dancing with my phone,2021-11-23
2022-07-03,D (Half Moon),DEAN,3eCd0TZrBPm2n9cDG6yWfF,130 Mood : TRBL,2016-03-25
2022-07-13,Wi Ing Wi Ing 위잉위잉,HYUKOH,57okaLdCtv3nVBSn5otJkp,20,2014-09-18
2022-07-14,YOUNG LUV,STAYC,01XYiBYaoMJcNhPokrg0l0,YOUNG-LUV.COM,2022-02-21
2022-07-18,夜に駆ける,YOASOBI,64tJ2EAv1R6UaZqc4iOCyj,THE BOOK,2021-01-06
2022-07-18,たぶん,YOASOBI,64tJ2EAv1R6UaZqc4iOCyj,THE BOOK,2021-01-06
2022-07-21,Little Dark Age,MGMT,0SwO7SWeDHJijQ3XNS7xEE,Little Dark Age,2018-02-09
2022-07-24,Tek It - Sped Up,Cafuné,581C5Qwl87TskfBEzuoisu,Tek It (I Watch the Moon),2019
2022-07-24,Car Crash,eaJ,0kX41bvrBQtgqSEXbmTzMN,Car Crash,2022-04-08
2022-07-26,Ellie,Make Friends,7dxUKrjbdkaAl1nCCYblq7,Ellie,2019-05-31
2022-07-27,Zombie,PURPLE KISS,62T5PGHWJ9sxP2SJq20IHq,HIDE & SEEK,2021-09-08
2022-08-03,Supermassive Black Hole,Muse,12Chz98pHFMPJEknJQMWvI,Black Holes and Revelations,2006-06-28
2022-08-09,Peek-A-Boo,Red Velvet,1z4g3DjTBBZKhvAroFlhOM,Perfect Velvet - The 2nd Album,2017-11-17
2022-08-09,And July,Heize,5dCvSnVduaFleCnyy98JMo,And July,2016-07-18
2022-08-09,505,Arctic Monkeys,7Ln80lUS6He07XvHI8qqHH,Favourite Worst Nightmare,2007-04-22
2022-08-10,Do I Wanna Know?,Arctic Monkeys,7Ln80lUS6He07XvHI8qqHH,AM,2013-01-01
2022-08-10,When The Sun Goes Down,Arctic Monkeys,7Ln80lUS6He07XvHI8qqHH,"Whatever People Say I Am, That's What I'm Not",2006-01-29
2022-08-10,BOOMBAYAH,BLACKPINK,41MozSoPIsD1dJM0CLPjZF,SQUARE ONE,2016-08-08
2022-08-12,Sour Grapes,LE SSERAFIM,4SpbR6yFEvexJuaBpgAU5p,FEARLESS,2022-05-02
2022-08-15,光るなら,Goose house,7BzEKSgHp2yrNC6w5NkFhQ,Milk,2015-02-25
2022-08-15,unravel,TK from Ling tosite sigure,3B9O5mYYw89fFXkwKh7jCS,Fantastic Magic,2014-08-27
2022-08-15,Kyouran Hey Kids!!,THE ORAL CIGARETTES,4rqJz9fE9prZvQd8WsQv6q,FIXION,2016-01-05
2022-08-15,シルエット,KANA-BOON,3PWp9R5HvbQgxI5KBx5kVd,Time,2015-01-21
2022-08-15,ブルーバード,Ikimonogakari,5YneEA2nLtAhkD5t2769lZ,Chou Ikimonobakari Tennen Kinen Members Best Selection,2006
2022-08-15,A Cruel Angel's Thesis - Director's Edit Version,Shiro SAGISU,5k3NfhEeZHpouIGDpjKOPo,Neon Genesis Evangelion (Original Series Soundtrack),2019-06-21
2022-08-19,deja vu,Olivia Rodrigo,1McMsnEElThX1knmY4oliG,SOUR,2021-05-21
2022-08-21,Ride,HYBS,4mr4X9nJC8DPlNukWbgAaI,Ride,2021-10-08
2022-08-22,After LIKE,IVE,6RHTUrRF63xao58xh9FXYJ,After LIKE,2022-08-22
2022-08-23,Killer,HYBS,4mr4X9nJC8DPlNukWbgAaI,Killer,2022-05-24
2022-08-31,Spring Day,BTS,3Nrfpe0tUJi4K4DXYWgMUX,You Never Walk Alone,2017-02-13
2022-08-31,Zombie,DAY6,5TnQc2N1iKlFjYD7CPGvFc,The Book of Us: The Demon,2020-05-11
2022-08-31,I Loved You,DAY6,5TnQc2N1iKlFjYD7CPGvFc,MOONRISE,2017-12-06
2022-08-31,You Calling My Name,GOT7,6nfDaffa50mKtEOwR8g4df,Call My Name,2019-11-04
2022-08-31,CHEER UP,TWICE,7n2Ycct7Beij7Dj7meI4X0,PAGE TWO,2016-04-25
2022-08-31,Psycho,Red Velvet,1z4g3DjTBBZKhvAroFlhOM,‘The ReVe Festival’ Finale,2019-12-23
2022-08-31,Short Hair,AOA,54gWVQFHf8IIqbjxAoOarN,Short Hair,2014-06-19
2022-08-31,DNA,BTS,3Nrfpe0tUJi4K4DXYWgMUX,Love Yourself 承 'Her',2017-09-18
2022-08-31,Like a Cat,AOA,54gWVQFHf8IIqbjxAoOarN,Like a Cat,2014-11-11
2022-08-31,Lyricist,Heize,5dCvSnVduaFleCnyy98JMo,Lyricist,2020-06-10
2022-08-31,FAKE LOVE,BTS,3Nrfpe0tUJi4K4DXYWgMUX,Love Yourself 轉 'Tear',2018-05-18
2022-08-31,I Like That,SISTAR,2wTLheTmMcFCA4hdY8hZJP,INSANE LOVE,2016-06-21
2022-08-31,Afraid,DAY6,5TnQc2N1iKlFjYD7CPGvFc,The Book of Us: The Demon,2020-05-11
2022-08-31,KILLING ME,iKON,5qRSs6mvI17zrkJpOHkCoM,NEW KIDS : CONTINUE,2018-08-02
2022-08-31,Siren,SUNMI,6MoXcK2GyGg7FIyxPU5yW6,WARNING,2018-09-12
2022-09-05,Blue,BIGBANG,4Kxlr1PRlDKEB0ekOCyHgX,ALIVE,2013-11-06
2022-09-05,Mr. Blue Sky,Electric Light Orchestra,7jefIIksOi1EazgRTfW2Pk,Out of the Blue,1977
2022-09-07,Glitch,KWON EUNBI,0qr7Rhj0yU7BPySYecNUlm,Color,2022-04-04
2022-09-09,Restless,MelodyDay,7lD3HWDgSgMxHNFno02dJp,Restless,2018-06-29
2022-09-18,Sweater Weather,The Neighbourhood,77SW9BnxLY8rJ0RciFqkHh,I Love You.,2013-04-22
2022-10-07,Blue Flame,LE SSERAFIM,4SpbR6yFEvexJuaBpgAU5p,FEARLESS,2022-05-02
2022-10-07,Pretend,Suzy,4U80LJd8sG6U9YTFP5izka,Yes? No?,2017-01-24
2022-10-11,frown,mxmtoon,0HthCchcL0kVLHTr113Vk1,rising,2022-05-20
2022-10-12,prom dress,mxmtoon,0HthCchcL0kVLHTr113Vk1,the masquerade,2019-09-18
2022-10-12,mona lisa,mxmtoon,0HthCchcL0kVLHTr113Vk1,mona lisa,2022-02-08
2022-10-15,Hype Boy,NewJeans,6HvZYsbFfjnjFrWF950C9d,NewJeans 1st EP 'New Jeans',2022-08-01
2022-10-15,Plastic Flowers,Idlework.,6uaiyg1w3qDJyAIMDN9l24,Plastic Flowers,2020-12-02
2022-10-16,Dream,Suzy,4U80LJd8sG6U9YTFP5izka,Dream,2016-01-07
2022-10-17,Beta Club,Shimmertraps,22mUyP1olHZ6mfObPpEbjI,LOOK!,2020-06-19
2022-10-17,PINCH ME,young friend,7cq0a4di5dOeKU8sicemd1,PINCH ME,2021-03-04
2022-10-18,Cutie,COIN,0ZxZlO7oWCSYMXhehpyMvE,Uncanny Valley,2022-03-25
2022-10-18,SCRAMBLED,Havelock,3AIAml2wCQUDhWt0BffVbA,TRY B4U BUY,2020-03-02
2022-10-21,no faker,mxmtoon,0HthCchcL0kVLHTr113Vk1,dawn,2020-04-22
2022-10-21,I Don't Wanna Talk (I Just Wanna Dance),Glass Animals,4yvcSjfu4PC0CYQyLy4wSq,I Don't Wanna Talk (I Just Wanna Dance),2021-09-10
2022-10-21,AHH!!,DellaXOZ,5WmkhaLngDDw9tLfZ0Z28e,AHH!!,2021-06-05
2022-10-22,Don't Go,The Greeting Committee,1MIe1z4RdqLqHSJsb7EBMm,This Is It,2018-10-26
2022-10-24,Flowering,LUCY,4eh2JeBpQaScfHKKXZh5vO,DEAR.,2020-05-08
2022-10-24,Jogging,LUCY,4eh2JeBpQaScfHKKXZh5vO,PANORAMA,2020-08-13
2022-10-24,PLAY,LUCY,4eh2JeBpQaScfHKKXZh5vO,Childhood,2022-08-17
2022-10-24,ゆめみてたのあたし,Daoko,5Qeyh2XKoITt1mlEVtzazC,THANK YOU BLUE,2017-12-20
2022-10-25,ピースサイン - Peace Sign,Kenshi Yonezu,1snhtMLeb2DYoMOcVbb8iB,BOOTLEG,2017-11-01
2022-10-28,Loud,Feed The Biirds,7F78v3yUYsc1HRVALXPl2g,Loud,2020-01-10
2022-10-29,affection,BETWEEN FRIENDS,2HkSsS8O2U2gPhnCGVN5vn,we just need some time together,2018-04-05
2022-10-29,My Jinji,落日飛車 Sunset Rollercoaster,7BqRcZsHYYQeqMAOp7e532,JINJI KIKKO,2016-03-01
2022-10-30,i saw you in a dream,The Japanese House,3IunaFjvNKj98JW89JYv9u,Good At Falling,2019-03-01
2022-10-30,Hello,CAPSULE,61KJdJU38zrAW4c3PI9C9N,PLAYER,2010-03-03
2022-10-30,Modal Shanghai,plasterbrain,2MtWgdVxiYNJaqMKd32f0l,Modal Shanghai,2014-06-12
2022-10-31,Shutdown (Feat.Seori),Moon Byul,1eTft3tXynrKdo6XD7QHLL,Shutdown (Feat. Seori),2021-12-30
2022-11-01,Futon,Ūla,47NHOjhVH9I5BO31wxwpt8,Futon,2020-10-15
2022-11-03,21,DEAN,3eCd0TZrBPm2n9cDG6yWfF,130 Mood : TRBL,2016-03-25
2022-11-03,Seven Nation Army,The White Stripes,4F84IBURUo98rz4r61KF70,Elephant,2003-04-01
2022-11-03,Ballroom Extravaganza,DPR IAN,2o8gT0fQmFxGNbowbdgeZe,Moodswings In To Order,2022-07-29
2022-11-03,Mood,DPR IAN,2o8gT0fQmFxGNbowbdgeZe,Moodswings In To Order,2022-07-29
2022-11-04,So Beautiful,DPR IAN,2o8gT0fQmFxGNbowbdgeZe,Moodswings In This Order,2021-03-11
2022-11-03,No Blueberries,DPR IAN,2o8gT0fQmFxGNbowbdgeZe,Moodswings In This Order,2021-03-11
2022-11-04,Dope Lovers,DPR IAN,2o8gT0fQmFxGNbowbdgeZe,Moodswings In This Order,2021-03-11
2022-11-05,Merry Go,DPR IAN,2o8gT0fQmFxGNbowbdgeZe,Moodswings In To Order,2022-07-29
2022-11-08,Chocolate,DAY6,5TnQc2N1iKlFjYD7CPGvFc,하지 말라면 더 하고 19 Part.1,2018-11-08
2022-11-09,What 2 Do,DEAN,3eCd0TZrBPm2n9cDG6yWfF,130 Mood : TRBL,2016-03-25
2022-11-09,하루살이,DEAN,3eCd0TZrBPm2n9cDG6yWfF,하루살이,2018-11-09
2022-11-09,Troll (Feat. DEAN),IU,3HqSLMAZ3g3d5poNaI7GOU,IU 5th Album 'LILAC',2021-03-25
2022-11-12,Jasmine,DPR LIVE,0siBQaURCli5wn2lqv8WZg,Jasmine,2017-10-08
2022-11-14,365 FRESH,Triple H,1klFdLh3pak3eOtJP0styY,199X,2017-05-01
2022-11-14,RETRO FUTURE,Triple H,1klFdLh3pak3eOtJP0styY,REtro Futurism,2018-07-18
2022-11-14,Prayer X,King Gnu,6wxfx1yhyqjCPYwwxJktR2,Sympa,2019-01-16
2022-11-14,Comes and Goes,HYUKOH,57okaLdCtv3nVBSn5otJkp,22,2015-05-28
2022-11-14,Shall We Dance,Block B,4RnezwRV7VBJUCI1S0AE5u,Re:MONTAGE,2018-01-09
2022-11-14,Treasure,Bruno Mars,0du5cEVh5yTK9QJze8zA0C,Unorthodox Jukebox,2012-12-07
2022-11-15,Away With Me,Tomggg,4IB2TdHMteDOTMAA1UbbcE,counterpoint,2022-01-19
2022-11-18,Tell Me,"yours, andrew",2Q9oxqDIcJefvaJrVy4jv9,Tell Me,2020-11-13
2022-11-18,hours,again&again,3CIq9N0VQGWfBpCAMzMZZN,hours,2020-07-31
2022-11-18,Loretta,Ginger Root,4UAW69682T7N0wrABUhqx0,Loretta,2021-06-16
2022-11-19,蜜月アン・ドゥ・トロワ,DATEKEN,7y2lgi4wRHvlwczrW5ucal,Kagaminext feat. 鏡音リン、鏡音レン ―10th ANNIVERSARY BEST―,2018-01-17
2022-11-19,アオミ,Gesu No Kiwami Otome,1ieluXFoq2RRxMXZIQksTz,好きなら問わない,2018-08-29
2022-11-26,How to Get Physical,Magdalena Bay,1oPRcJUkloHaRLYx0olBLJ,A Little Rhythm and a Wicked Feeling,2020-03-13
2022-11-27,Hacerte Bien,Juanpalitoschinos,2QznoP8SaZXOHkgZfvHlZa,Hacerte Bien,2021-10-19
2022-11-27,Harvey,Her's,77mJc3M7ZT5oOVM7gNdXim,Invitation to Her's,2018-08-24
2022-12-11,this is what falling in love feels like,JVKE,164Uj4eKjl6zTBKfJLFKKK,this is what falling in love feels like,2021-09-03
2022-12-15,Santeria,Sublime,0EdvGhlC1FkGItLOWQzG4J,Sublime,1996-07-30
2022-12-17,Stolen Dance,Milky Chance,1hzfo8twXdOegF3xireCYs,Sadnecessary,2013-05-31
2022-12-17,Little Talks,Of Monsters and Men,4dwdTW1Lfiq0cM8nBAqIIz,My Head Is An Animal,2012-01-01
2022-12-17,Nothing Breaks Like a Heart (feat. Miley Cyrus),Mark Ronson,3hv9jJF3adDNsBSIQDqcjp,Late Night Feelings,2019-06-21
2022-12-17,The One That Got Away,Katy Perry,6jJ0s89eD6GaHleKKya26X,Teenage Dream: The Complete Confection,2012-03-12
2022-12-17,Sweet Dreams (Are Made of This) - 2005 Remaster,Eurythmics,0NKDgy9j66h3DLnN8qu1bB,Sweet Dreams (Are Made Of This),1983-01-04
2022-12-19,Riptide,Vance Joy,10exVja0key0uqUkk6LJRT,Dream Your Life Away,2014-09-05
2022-12-19,My Hair Is Green,015B,4uU7KfTjcjyKUGWSaTzLu7,Yearbook 2018,2019-02-27
2022-12-19,Yellow,Coldplay,4gzpq5DPGxSnKTe4SA8HAU,Parachutes,2000-07-10
2022-12-20,Ditto,NewJeans,6HvZYsbFfjnjFrWF950C9d,Ditto,2022-12-19
2022-12-20,Good Place,jeebanoff,6FK6uP46ntwU9gaQQxTlDV,주마등 : 走馬燈,2018-06-27
2022-12-20,C'est La Vie (feat. Stella Jang),Jane,6S1pEId4oXUshfDpbIJHf5,C'est La Vie (feat. Stella Jang),2019-11-18
2023-01-09,the way you say hello,tiffi,4bQCZKbtYa0W0hzA7JrpC4,the way you say hello,2020-06-20
2023-01-12,A Night Like This,nokdu,3tJf4CNWLW1ubPxCte1g5D,nokdu ep vol.1,2019-04-14
2023-01-12,Love Virus,Rollercoaster,6znlp6eyARykI2zjw8HSxM,In Everyday Matters,2000-08-01
2023-01-13,OMG,NewJeans,6HvZYsbFfjnjFrWF950C9d,NewJeans 'OMG',2023-01-02
2023-01-17,Amoeba,Clairo,3l0CmX0FuQjFxr8SK7Vqag,Sling,2021-07-16
2023-01-25,Pool,Still Woozy,4iMO20EPodreIaEl8qW66y,Pool,2022-03-17
2023-01-25,Sugar Rush,Addison Grace,39EIRTZx1JjfeDLVdbj2ap,Sugar Rush,2020-08-25
2023-02-02,It's Raining,Vincent Blue,2AZgVjkPB4a4ULepFyPPgZ,It's Raining,2019-03-25
2023-02-03,secret base ～君がくれたもの～ (10 years after Ver.),本間芽衣子（CV.茅野愛衣）,6Ft6iUd8wRclZv2vqqwJ1u,secret base ～君がくれたもの～,2011-04-27
2023-02-10,In My Mind,Lyn Lapid,4pfy05cNNTacuOQ6SiSu4v,In My Mind,2021-08-20
2023-02-13,ONLY YOU,Mingginyu,29UQ130XMQDR55X4Rmjapd,I LOVE YOU,2020-10-08
2023-02-13,Alone,OoOo,3g1lnUW8xnEPCO60kORskb,Alone,2020-10-17
2023-02-14,Fall in Love Again,ALEPH,2ncTglxMHKmCzBKckfzOEv,Fall in Love Again,2017-08-24
2023-02-14,honey,Zak P,6o0nGwMHtsexZipjIrcvN4,honey,2021-05-08
2023-02-17,Attention,NewJeans,6HvZYsbFfjnjFrWF950C9d,NewJeans 1st EP 'New Jeans',2022-08-01
2023-02-17,Cookie,NewJeans,6HvZYsbFfjnjFrWF950C9d,NewJeans 1st EP 'New Jeans',2022-08-01
2023-02-17,Hurt,NewJeans,6HvZYsbFfjnjFrWF950C9d,NewJeans 1st EP 'New Jeans',2022-08-01
2023-02-20,Chamber Of Reflection,Mac DeMarco,3Sz7ZnJQBIHsXLUSo0OQtM,Salad Days,2014-03-28
2023-02-20,Tired,beabadoobee,35l9BRT7MXmM8bv2WDQiyB,Patched Up,2018-12-07
2023-02-20,Cherries Jubiles,YUKIKA,4RfI1z9u2xIc5Qnqac4JbO,SOUL LADY,2020-07-21
2023-02-20,Any Other Way,Eric Nam,2FLqlgckDKdmpBrvLAT5BM,There And Back Again,2022-01-07
2023-02-20,Planet Girl (Feat. pH-1),Jooyoung,1vct46rBqLNRbE9wCibXUH,Fountain,2018-03-02
2023-02-20,Furious,Kaz Moon,70TpT5Yq8mRwav91mSTKQV,Furious,2021-04-04
2023-02-20,Play Date,Melanie Martinez,63yrD80RY3RNEM2YDpUpO8,Cry Baby (Deluxe Edition),2015-08-14
2023-02-26,Split,88rising,1AhjOkOLkbHUfcHDSErXQs,Split,2021-11-18
2023-02-28,Every Summertime,NIKI,2kxP07DLgs4xlWz8YHlvfh,Every Summertime,2021-08-10
2023-03-03,"Time Goes ""Bye""",Jex Nwalor,1D4bP2qFi4EcC4ZdBgH5F8,"Time Goes ""Bye""",2021-09-17
2023-03-03,Say Yes (feat. Moon Byul),Punch,2FgZrgTMX6Sk0VNcOsEPmm,Say hello,2020-05-27
2023-03-03,Revenge,XXXTENTACION,15UsOTVnJzReFVN1VCnxy4,17,2017-08-25
2023-03-03,Hope,XXXTENTACION,15UsOTVnJzReFVN1VCnxy4,?,2018-03-16
2023-03-03,Falling Down - Bonus Track,Lil Peep,2kCcBybjl3SAtIcwdWpUe3,"Come Over When You're Sober, Pt. 2",2018-11-09
2023-03-03,NUMB,XXXTENTACION,15UsOTVnJzReFVN1VCnxy4,?,2018-03-16
2023-03-03,Ex Bitch,XXXTENTACION,15UsOTVnJzReFVN1VCnxy4,Bad Vibes Forever,2019-12-06
2023-03-03,sanctuary,Laica,2DqImimq9vdEbnQBxGgihQ,i'm so fine at being lonely,2021-06-08
2023-03-03,Heart,chicken97,2v9xvjxXMMndxvLJ86Ice4,Belief,2021-11-03
2023-03-13,Helium,Glass Animals,4yvcSjfu4PC0CYQyLy4wSq,Dreamland,2020-08-07
2023-03-17,Smokin Out The Window,Bruno Mars,0du5cEVh5yTK9QJze8zA0C,An Evening With Silk Sonic,2021-11-12
2023-03-18,Cupid - Twin Ver.,FIFTY FIFTY,4GJ6xDCF5jaUqD6avOuQT6,The Beginning: Cupid,2023-02-24
2023-03-18,Lovin' Me,FIFTY FIFTY,4GJ6xDCF5jaUqD6avOuQT6,THE FIFTY,2022-11-18
2023-03-22,Plastic Love,Mariya Takeuchi,3WwGRA2o4Ux1RRMYaYDh7N,Expressions,2008-05-21
2023-04-01,Tell Me,FIFTY FIFTY,4GJ6xDCF5jaUqD6avOuQT6,THE FIFTY,2022-11-18
2023-04-02,Higher,FIFTY FIFTY,4GJ6xDCF5jaUqD6avOuQT6,THE FIFTY,2022-11-18
2023-04-05,(Only) About Love - Demo,grentperez,73BLwSX6gsNeVzS7DgI4xe,Demo(s) About Love,2021-08-27
2023-04-05,Cherry Wine,grentperez,73BLwSX6gsNeVzS7DgI4xe,Cherry Wine,2021-09-10
2023-04-08,VOID,Melanie Martinez,63yrD80RY3RNEM2YDpUpO8,PORTALS,2023-03-31
2023-04-11,Would You Mind,HYBS,4mr4X9nJC8DPlNukWbgAaI,Making Steak,2022-09-01
2023-04-17,Wrong About Forever,Jeff Bernat,2vVT4qoxWje0gVD2FiWZ4u,She Loves Me Not,2019-02-14
2023-04-17,really,mimi bay,7BhFHZkSEe09pVDQZC6kVf,really,2019-06-14
2023-04-18,Let's Get It Started,Black Eyed Peas,1yxSLGMDHlW21z4YXirZDS,Summer Party,2007-01-01
2023-04-18,Cute,Prod by Rose,6rjf0fjRwaZK37QiKl9uBP,Cute,2018-01-01
2023-04-21,Bang Bang- Titanfall,,NA,,NA
2023-04-21,Love battery- Loona,,NA,,NA
2023-04-21,Still with you- Jungkook,,NA,,NA
2023-04-21,Lovers Rock,TV Girl,0Y6dVaC9DZtPNH4591M42W,French Exit,2014-06-05
2023-04-23,The Weekend,88rising,1AhjOkOLkbHUfcHDSErXQs,The Weekend,2021-10-14
2023-04-25,20190724,Mac DeMarco,3Sz7ZnJQBIHsXLUSo0OQtM,One Wayne G,2023-04-21
2023-04-28,Glue Song,beabadoobee,35l9BRT7MXmM8bv2WDQiyB,Glue Song,2023-02-14
2023-04-28,fullmoon lullaby,goodnight lavender,3g5LMC9LcEsKTZQmFtBbQD,afterstory.,2021-10-01
2023-04-30,500 Days (feat. prettyhappy & I AM LUU),Dept,2WGTWkNkX3fkm6Jk3Re7dQ,500 Days,2020-09-06
2023-05-08,Harmonia,Mito,1yPpP0g98iW3Jy0kSDGS3r,Summertime,2015-07-22
2023-05-08,Knight,Maddox,7KieZTca53gfdVzwdODV2L,Knight,2021-05-15
2023-05-08,いかないで (feat. 星乃一歌&天馬咲希&初音ミク),Leo/need,7CXyP7IN0L3ySUeIQ6Ymu1,Leo/need SEKAI ALBUM vol.1,2022-05-11
2023-05-08,Leave The Door Open,Bruno Mars,0du5cEVh5yTK9QJze8zA0C,An Evening With Silk Sonic,2021-11-12
2023-05-08,That's What I Like,Bruno Mars,0du5cEVh5yTK9QJze8zA0C,24K Magic,2016-11-18
2023-05-08,Blinding Lights,The Weeknd,1Xyo4u8uXC1ZmMpatF05PJ,After Hours,2020-03-20
2023-05-08,Save Your Tears,The Weeknd,1Xyo4u8uXC1ZmMpatF05PJ,After Hours,2020-03-20
2023-05-08,Borderline,Tame Impala,5INjqkS1o8h1imAzPqGZBb,The Slow Rush,2020-02-14
2023-05-08,Let It Go,Erick the Architect,2mQLwfvZtvtTbipKn3xHmK,Let It Go,2020-12-07
2023-05-08,Just Fine,Chef,5Qy8JQ7JvhSqgUh3XVVXXE,Microwave Music,2020-08-28
2023-05-08,Ghostin',Wesley Joseph,1uf6plWcu7QbKiASVlTUPa,Ghostin',2020-07-08
2023-05-08,Chocolate Milk,Shane Eagle,68J4TRaqXKr8VhSg71JVdV,Never Grow Up.,2018-12-28
2023-05-08,24k,Tkay Maidza,1kMPdZQVdUhMDKDWOJM5iK,"Last Year Was Weird, Vol.2",2020-08-07
2023-05-08,"After The Storm (feat. Tyler, The Creator & Bootsy Collins) - Pete Rock Remix",Kali Uchis,1U1el3k54VvEUzo3ybLPlM,After The Storm (Pete Rock Remix),2018-06-08
2023-05-08,Patience,Wesley Joseph,1uf6plWcu7QbKiASVlTUPa,ULTRAMARINE,2021-06-18
2023-05-08,Uno Dos,¿Téo?,0jsnWH4QCKcAMpR7vEhh9u,¿Téo?,2018-09-13
2023-05-08,Trouble On Central,Buddy,6PDLwWvgYNMfBRLqC1h5cJ,Harlan & Alondra,2018-07-20
2023-05-08,"U Say (feat. Tyler, The Creator & Jay Prince)",GoldLink,5XenQ7XfcvQdfIbpLEFaKQ,Diaspora,2019-06-12
2023-05-08,DX7 - Indastudio 10,Dabeull,7sw3xJMTpdcpfssx17hfrb,Indastudio,2017-12-08
2023-05-08,Egyptian Luvr (feat. Aminé and Dana Williams),Rejjie Snow,3lLHpTOJ11tWiUNGYN14gt,Dear Annie,2018-02-16
2023-05-08,Nena,YEИDRY,3Lk9AWrpD4bminO5LwmBOw,Nena,2020-04-10
2023-05-08,Um Oh Ah Yeh,MAMAMOO,0XATRDCYuuGhk0oE7C0o5G,Pink Funky,2015-06-19
2023-05-14,the perfect pair,beabadoobee,35l9BRT7MXmM8bv2WDQiyB,Beatopia,2022-07-15
2023-05-15,Butter Chicken,OOHYO,50Zu2bK9y5UAtD0jcqk5VX,Butter Chicken,2019-12-11
2023-05-15,Comme des Garçons,Jiwoo,51FKMPw06mntCaz6yO6ddg,Maison,2019-07-06
2023-05-23,Ain't No Sunshine,Bill Withers,1ThoqLcyIYvZn7iWbj8fsj,Just As I Am,1971-05-01
2023-05-23,Lovely Day,Bill Withers,1ThoqLcyIYvZn7iWbj8fsj,Menagerie,1977-10-29
2023-05-24,ARIA,Jung Jin Woo,5uVgoepJHC3fbOohI5gXc4,My Original Sound Track,2020-11-02
2023-05-29,Things I’ve forgotten,Summer Soul,6ZDL9IVLcZPApjoBdajrao,Things I’ve forgotten,2019-03-17
2023-05-29,NIGHT DANCER,imase,4TaSvnT5o4REFwhqfrmK27,POP CUBE,2022-11-09
2023-05-29,Alone,Miso,04xEkodoWyFji8icX911jM,Alone,2020-05-18
2023-05-29,"Moonlit Night (""From Death Parade"")",Thomas Stapleton,5XHm0qeeqNeRcDJHCopfd6,"Moonlit Night (""From Death Parade"")",2020-10-31
2023-05-30,Let's Groove,"Earth, Wind & Fire",4QQgXkCYTt3BlENzhyNETg,Raise!,1981-11-14
2023-05-30,September,"Earth, Wind & Fire",4QQgXkCYTt3BlENzhyNETg,September (sped up + slowed),1978-11-18
2023-05-30,Boogie Wonderland (with The Emotions) - Single Version,"Earth, Wind & Fire",4QQgXkCYTt3BlENzhyNETg,I Am,1979-06
2023-06-01,"Eve, Psyche & The Bluebeard’s wife",LE SSERAFIM,4SpbR6yFEvexJuaBpgAU5p,UNFORGIVEN,2023-05-01
2023-06-11,"Am I Dreaming (Metro Boomin & A$AP Rocky, Roisee)",Metro Boomin,0iEtIxbK0KxaSlF7G42ZOp,METRO BOOMIN PRESENTS SPIDER-MAN: ACROSS THE SPIDER-VERSE (SOUNDTRACK FROM AND INSPIRED BY THE MOTION PICTURE),2023-06-02
2023-06-11,"Calling (Spider-Man: Across the Spider-Verse) (Metro Boomin & Swae Lee, NAV, feat. A Boogie Wit da Hoodie)",Metro Boomin,0iEtIxbK0KxaSlF7G42ZOp,METRO BOOMIN PRESENTS SPIDER-MAN: ACROSS THE SPIDER-VERSE (SOUNDTRACK FROM AND INSPIRED BY THE MOTION PICTURE),2023-06-02
2023-06-11,Spider-Man 2099 (Miguel O'Hara),Daniel Pemberton,7LbEDjJKrmWoMcN3OpaNnR,Spider-Man: Across the Spider-Verse (Original Score),2023-06-02
2023-06-11,"Annihilate (Spider-Man: Across the Spider-Verse) (Metro Boomin & Swae Lee, Lil Wayne, Offset)",Metro Boomin,0iEtIxbK0KxaSlF7G42ZOp,METRO BOOMIN PRESENTS SPIDER-MAN: ACROSS THE SPIDER-VERSE (SOUNDTRACK FROM AND INSPIRED BY THE MOTION PICTURE),2023-06-02
2023-06-11,Mona Lisa (Spider-Man: Across the Spider-Verse),Dominic Fike,6USv9qhCn6zfxlBQIYJ9qs,Mona Lisa (Spider-Man: Across the Spider-Verse),2023-06-02
2023-06-11,"Link Up (Metro Boomin & Don Toliver, Wizkid feat. BEAM & Toian) - Spider-Verse Remix (Spider-Man: Across the Spider-Verse )",Metro Boomin,0iEtIxbK0KxaSlF7G42ZOp,METRO BOOMIN PRESENTS SPIDER-MAN: ACROSS THE SPIDER-VERSE (SOUNDTRACK FROM AND INSPIRED BY THE MOTION PICTURE),2023-06-02
2023-06-11,What's Up Danger (with Black Caviar),Blackway,1QvK8bFc2WREH4LDlJcJbi,Spider-Man: Into the Spider-Verse (Deluxe Edition / Soundtrack From & Inspired By The Motion Picture),2019-02-22
2023-06-11,Silk & Cologne (EI8HT & Offset) - Spider-Verse Remix,EI8HT,70rSvlI9SRspEr0C84bJ5Q,METRO BOOMIN PRESENTS SPIDER-MAN: ACROSS THE SPIDER-VERSE (SOUNDTRACK FROM AND INSPIRED BY THE MOTION PICTURE),2023-06-02
2023-06-11,Nas Morales (Metro Boomin & Nas),Metro Boomin,0iEtIxbK0KxaSlF7G42ZOp,METRO BOOMIN PRESENTS SPIDER-MAN: ACROSS THE SPIDER-VERSE (SOUNDTRACK FROM AND INSPIRED BY THE MOTION PICTURE),2023-06-02
2023-06-12,"Home (Metro Boomin & Don Toliver, Lil Uzi Vert)",Metro Boomin,0iEtIxbK0KxaSlF7G42ZOp,METRO BOOMIN PRESENTS SPIDER-MAN: ACROSS THE SPIDER-VERSE (SOUNDTRACK FROM AND INSPIRED BY THE MOTION PICTURE),2023-06-02
2023-06-14,FAERIE SOIRÉE,Melanie Martinez,63yrD80RY3RNEM2YDpUpO8,PORTALS,2023-03-31
2023-06-21,Evergreen,F.N.,1LSChoeTlUxsOvUef5Lq8g,Evergreen,2019-12-03
2023-06-21,Sunscreen,Nathanie,2n9S44nEklHQjqX0pedw8P,Sunscreen,2021-04-30
2023-06-21,Pluto,Chamsom,5xNWQgdUZS4YN7xAYItpKi,boong-,2018-11-09
2023-06-21,DREAM LIKE ME,Crowd Lu,2JBUyLiFvpFPWdZGqIGYLD,DREAM LIKE ME,2022-06-01
2023-06-22,Windows Forever,Playdate,6oIeF5buHoZuyuwiu4xz0B,Windows Forever,2020-09-30
2023-06-23,A Car Going Nowhere,ESAE,573hBKu7MUNNUbp0OKhuRr,A Car Going Nowhere,2018-12-02
2023-06-23,Without knowing it all,LIM KIM,4kGuk6HkL6hwuQrgSWISBv,Goodbye 20,2013-11-18
2023-06-23,希望の泉　（Source d'espoir）,Miharu Koshi,30CYXpJrFdQp3RT7IW34ff,Madame Crooner,2013-05-22
2023-06-24,For me,DAY6,5TnQc2N1iKlFjYD7CPGvFc,The Book of Us : Gravity,2019-07-15
2023-06-26,undress me,Cö shu Nie,0LlH6J1tj2TPq7AlwXAkY5,Flos Ex Machina,2022-03-16
2023-06-26,Fly Away,Jang YoonJu,5eWCpmViOEncbjFX3PgAgl,Dream,2008-11-17
2023-06-26,Night Train,Milena,2ODok2cPMF1Z1gZetfaL6n,Night Train,2021-11-04
2023-06-29,lovememore.,dosii,41lcf5k3PkUdxupYLkcjCd,dosii,2019-02-28
2023-06-29,SPIRAL,She Her Her Hers,3Th9UyipOGp08husDe0Era,location,2019-11-13
2023-06-29,Urn,Crying City,324QqTOkQyG8CUlphElsdD,Urn,2023-06-04
2023-06-30,snowfall,Øneheart,0dgJbQ0bKPyUXco8hEXN7X,snowfall,2022-01-14
2023-07-01,Feeling Good,Michael Bublé,1GxkXlMwML1oSg5eLPiAz3,It's Time,2005-02-08
2023-07-02,vampire,Olivia Rodrigo,1McMsnEElThX1knmY4oliG,vampire,2023-06-30
2023-07-07,New Jeans,NewJeans,6HvZYsbFfjnjFrWF950C9d,NewJeans 'Super Shy',2023-07-07
2023-07-07,Super Shy,NewJeans,6HvZYsbFfjnjFrWF950C9d,NewJeans 'Super Shy',2023-07-07
2023-07-14,Training Wheels,Melanie Martinez,63yrD80RY3RNEM2YDpUpO8,Cry Baby (Deluxe Edition),2015-08-14
2023-07-14,LIGHT SHOWER,Melanie Martinez,63yrD80RY3RNEM2YDpUpO8,PORTALS,2023-03-31
2023-07-19,Moonlight,Kali Uchis,1U1el3k54VvEUzo3ybLPlM,Red Moon In Venus,2023-03-03
2023-07-20,Pork Soda,Glass Animals,4yvcSjfu4PC0CYQyLy4wSq,How To Be A Human Being,2016-08-26
2023-07-20,Taste Your Love,VC Pines,4LQgArm1pO5Q7GuDu2qXfC,Skully,2020-04-24
2023-07-23,Gold Digger,Kanye West,5K4W6rqBFWDnAN6FQUkS6x,Late Registration,2005-08-30
2023-07-23,Runaway,Kanye West,5K4W6rqBFWDnAN6FQUkS6x,My Beautiful Dark Twisted Fantasy,2010-11-22
2023-07-24,Corners Of My Mind,Emotional Oranges,12trz2INGglrKMzLmg0y2C,The Juice: Vol. I,2019-05-10
2023-07-26,Life Itself,Glass Animals,4yvcSjfu4PC0CYQyLy4wSq,How To Be A Human Being,2016-08-26
2023-07-26,Waterfalls Coming Out Your Mouth,Glass Animals,4yvcSjfu4PC0CYQyLy4wSq,Dreamland (+ Bonus Levels),2020-08-06
2023-07-26,Still With You,Jung Kook,6HaGTQPmzraVmaVxvz6EUc,Still With You,2020-06-05
2023-07-26,ad meliora,THE CHARM PARK,2QKf9jr434G3Mo8Hr9npPb,ad meliora,2020-04-07
2023-07-28,House of Cards (Full Length Edition),BTS,3Nrfpe0tUJi4K4DXYWgMUX,The Most Beautiful Moment in Life: Young Forever,2016-05-02
2023-07-31,Freaking Out The Neighborhood,Mac DeMarco,3Sz7ZnJQBIHsXLUSo0OQtM,2,2013-08-09
2023-08-06,Ikanaide - album ver,Eve,58oPVy7oihAEXE0Ott6JOf,Round Robin,2015-09-16
2023-08-06,10-30-2018 (감기),BEVY MACO,4J8BSoVR5I3Am5CxHMkqYj,10-30-2018,2018-12-03
2023-08-06,Straight Outta Compton,N.W.A.,4EnEZVjo3w1cwcQYePccay,Straight Outta Compton,1988-08-08
2023-08-06,Money Trees,Kendrick Lamar,2YZyLoL8N0Wb9xBt1NhZWg,"good kid, m.A.A.d city",2012
2023-08-06,Pray For Me,The Weeknd,1Xyo4u8uXC1ZmMpatF05PJ,The Highlights,2021-02-05
2023-08-07,Les,Childish Gambino,73sIBHcqh3Z3NyqHKZ7FOL,Camp,2011-11-15
2023-08-07,Trance (with Travis Scott & Young Thug),Metro Boomin,0iEtIxbK0KxaSlF7G42ZOp,HEROES & VILLAINS,2022-12-02
2023-08-07,STOP TRYING TO BE GOD,Travis Scott,0Y5tJX1MQlPlqiwlOH1tJY,ASTROWORLD,2018-08-03
2023-08-07,WAKE UP,Travis Scott,0Y5tJX1MQlPlqiwlOH1tJY,ASTROWORLD,2018-08-03
2023-08-07,5% TINT,Travis Scott,0Y5tJX1MQlPlqiwlOH1tJY,ASTROWORLD,2018-08-03
2023-08-08,You and I,ALICE,1mgzY8CsK8lyJy96tT8bV5,"WE, first",2017-06-01
2023-08-08,Sleeping Through the End of the World,PuffHost,0ng7Z4eGiXAqtCoYJD7X6U,Sleeping Through the End of the World,2020-10-16
2023-08-08,Ruler of My Heart (VIVINOS - ALNST Original Soundtrack Part.5),BL8M,3oOA09qR93zgp61ALkHIJJ,Ruler of My Heart (VIVINOS - ALNST Original Soundtrack Part.5),2023-05-06
2023-08-17,WO QUI NON COIN,多田葵,2GA3vR0niTdN9RJItcLMtK,「COWBOY BEBOP」オリジナルサウンドトラック3　BLUE,2012-12-21
2023-08-21,촉촉 (feat. 요조),PPCX,0MA2Mf1z6lPjvV4fvBp2PB,1999,2018-07-15
2023-08-21,Warriors,Imagine Dragons,53XhwfbYqKCa1cC15pYq2q,Smoke + Mirrors (Deluxe),2015-05-11
2023-08-21,都不懂,Yihuik苡慧,07h8O5G4IO8l723aNOqip2,都不懂,2021-10-12
2023-08-22,5AM Empanada with You,BUBBLE TEA AND CIGARETTES,2UMeX51X1prCFgi51RHo9P,There's Nothing But Pleasure,2022-09-02
2023-08-23,大魚 - 唱片版,Zhou Shen,0BezPR1Hn38i8qShQKunSD,深的深,2017-11-06
2023-08-30,HIGHEST IN THE ROOM,Travis Scott,0Y5tJX1MQlPlqiwlOH1tJY,HIGHEST IN THE ROOM,2019-10-04
2023-08-30,Time of Our Life,DAY6,5TnQc2N1iKlFjYD7CPGvFc,The Book of Us : Gravity,2019-07-15
2023-09-04,Vois sur ton chemin,Bruno Coulais,5kjb55jtwPnbYXXDvP4x7R,Les Choristes (Bande originale du film),2004-03-17
2023-09-04,Passionfruit,Drake,3TVXtAsR1Inumwj472S9r4,More Life,2017-03-18
2023-09-04,Dark Fantasy,Kanye West,5K4W6rqBFWDnAN6FQUkS6x,My Beautiful Dark Twisted Fantasy,2010-11-22
2023-09-04,POWER,Kanye West,5K4W6rqBFWDnAN6FQUkS6x,My Beautiful Dark Twisted Fantasy,2010-11-22
2023-09-04,New Slaves,Kanye West,5K4W6rqBFWDnAN6FQUkS6x,Yeezus,2013-06-18
2023-09-04,STARGAZING,Travis Scott,0Y5tJX1MQlPlqiwlOH1tJY,ASTROWORLD,2018-08-03
2023-09-04,BUTTERFLY EFFECT,Travis Scott,0Y5tJX1MQlPlqiwlOH1tJY,ASTROWORLD,2018-08-03
2023-09-04,CAN'T SAY,Travis Scott,0Y5tJX1MQlPlqiwlOH1tJY,ASTROWORLD,2018-08-03
2023-09-06,From The Start,Laufey,7gW0r5CkdEUMm42w9XpyZO,From The Start,2023-05-11
2023-09-06,Kevin’s Heart,J. Cole,6l3HvQ5sa6mXTsMTB19rO5,KOD,2018-04-20
2023-09-14,In The Morning,Rocco,30gZlVVUt3gwNXlLorZjuq,In The Morning,2023-06-21
2023-09-14,TICTAC,CAPSULE,61KJdJU38zrAW4c3PI9C9N,L.D.K. Lounge Designers Killer,2005-09-21
2023-09-15,Dirty Laundry,Blake Ruby,6t2qGTjfjde2jbklcpoF3Z,A Lesser Light to Rule the Night,2019-11-15
2023-09-22,Lift Yourself,Kanye West,5K4W6rqBFWDnAN6FQUkS6x,Lift Yourself,2018-04-29
2023-09-23,Cool With You,NewJeans,6HvZYsbFfjnjFrWF950C9d,NewJeans 2nd EP 'Get Up',2023-07-21
2023-09-23,Get Up,NewJeans,6HvZYsbFfjnjFrWF950C9d,NewJeans 2nd EP 'Get Up',2023-07-21
2023-09-27,zana,EREZA,2xBPFFbnESQr4aocY9gQLd,zana,2023-04-24
2023-10-05,Rapp Snitch Knishes,MF DOOM,2pAWfrd7WFF3XhVt9GooDL,MM..FOOD,2004-11-16
2023-10-05,One Beer,MF DOOM,2pAWfrd7WFF3XhVt9GooDL,MM..FOOD,2004-11-16
2023-10-05,Red and Gold,MF DOOM,2pAWfrd7WFF3XhVt9GooDL,Operation: Doomsday (Complete),1999-10-19
2023-10-07,Hoe Cakes,MF DOOM,2pAWfrd7WFF3XhVt9GooDL,MM..FOOD,2004-11-16
2023-10-07,All Caps,Madvillain,2aoFQUeHD1U7pL098lRsDU,Madvillainy,2004-03-24
2023-10-07,Meat Grinder,Madvillain,2aoFQUeHD1U7pL098lRsDU,Madvillainy,2004-03-24
2023-10-11,So High,Doja Cat,5cj0lLjcoR7YOSnhnX0Po5,So High,2014-03-11
2023-10-11,My Love Mine All Mine,Mitski,2uYWxilOVlUdk4oV9DvwqK,The Land Is Inhospitable and So Are We,2023-09-15
2023-10-11,Memory Reboot,VØJ,4KRllJ2dEeoqvxOQLOgOsI,Memory Reboot,2023-01-13
2023-10-12,Kiss Me More (feat. SZA),Doja Cat,5cj0lLjcoR7YOSnhnX0Po5,Planet Her,2021-06-25
2023-10-15,Babydoll,Dominic Fike,6USv9qhCn6zfxlBQIYJ9qs,"Don't Forget About Me, Demos",2018-10-16
2023-10-17,Lies You Tell,Emotional Oranges,12trz2INGglrKMzLmg0y2C,STILL EMO,2023-08-11
2023-10-20,Some,Steve Lacy,57vWImR43h4CaDao012Ofp,Some,2016-10-31
2023-10-23,LILAC,IU,3HqSLMAZ3g3d5poNaI7GOU,IU 5th Album 'LILAC',2021-03-25
2023-10-24,Rawww,youra,5q9adPv91NFr8q2ZcKmX0V,Rawww,2021-11-20
2023-10-27,ETA,NewJeans,6HvZYsbFfjnjFrWF950C9d,NewJeans 2nd EP 'Get Up',2023-07-21
2023-10-27,New Jeans,NewJeans,6HvZYsbFfjnjFrWF950C9d,NewJeans 2nd EP 'Get Up',2023-07-21
2023-11-13,THE HERO !! ～怒れる拳に火をつけろ～,JAM Project,0CPdwFVMsHZWpNgKuLaTuU,AREA Z,2016-06-29
2023-11-16,Morning Sex,Ralph Castelli,4o16FybIZV7WPD7tOl7PUd,Morning Sex,2019-06-07
2023-11-19,ぴぽぴぽ,Serani Poji,6JzJhoOtjzVLZpMi3Ppz3T,ワンルームサバイバル,2002-11-21
2023-11-29,Pink + White,Frank Ocean,2h93pZq0e7k5yf4dywlkpM,Blonde,2016-08-20
2023-12-05,Paint The Town Red,Doja Cat,5cj0lLjcoR7YOSnhnX0Po5,Paint The Town Red,2023-08-04
2023-12-08,"Perhaps, Happy Ending",Heize,5dCvSnVduaFleCnyy98JMo,Last Winter,2023-12-07
2023-12-13,ALL MY FELLAS,Frizk,2kytM35nXuQfdxPeoLgE0K,ALL MY FELLAS,2023-09-19
2023-12-13,Anybody,shae,0IBc6Ac1cKD2yP84TTmJij,Anybody,2023-08-18
2023-12-13,girls like me don't cry,thủy,3R80OE4RViOWbnuvqh0j8a,girls like me don't cry,2022-10-06
2023-12-13,Freaks,Surf Curse,1gl0S9pS0Zw0qfa14rDD3D,Freaks,2021-05-15
2023-12-13,Notion,The Rare Occasions,1QfpRUtH14JLoY6F6AYmwt,Notion,2021-12-02
2023-12-13,Origami,The Rare Occasions,1QfpRUtH14JLoY6F6AYmwt,Big Whoop,2021-06-18
2023-12-13,Perfect Night,LE SSERAFIM,4SpbR6yFEvexJuaBpgAU5p,Perfect Night,2023-10-27
2023-12-13,Perfect Man,SHINHWA,0jVvkFPa6YbFXQ3Qmhita0,Perfect Man - The 5th Album,2002-03-01
2023-12-13,Side Effects,Stray Kids,2dIgFjalVxs4ThymZ67YCE,Clé 2 : Yellow Wood,2019-06-19
2023-12-14,Bad Boy,Red Velvet,1z4g3DjTBBZKhvAroFlhOM,The Perfect Red Velvet - The 2nd Album Repackage,2018-01-29
2023-12-14,Don’t,Loco,2e4G04F77jxVuDYo44TCSm,"The Hyena on the Keyboard, Pt. 4",2018-04-21
2023-12-14,mon amour,Gemini,67IWlRdLy3UcfY3q968euj,mon amour,2022-01-06
2023-12-17,Impurities,LE SSERAFIM,4SpbR6yFEvexJuaBpgAU5p,ANTIFRAGILE,2022-10-17
2023-12-30,Honeypie,JAWNY,25pd339V2rRJo84USlcSRP,For Abby,2020-10-27
2024-01-05,I Wonder,Kanye West,5K4W6rqBFWDnAN6FQUkS6x,Graduation,2007-09-11
2024-01-09,zombie pop,DPR IAN,2o8gT0fQmFxGNbowbdgeZe,DPR ARCHIVES,2020-06-18
2024-01-12,Hurt (250 Remix),NewJeans,6HvZYsbFfjnjFrWF950C9d,NJWMX,2023-12-19
2024-01-12,Locked out of Heaven,Bruno Mars,0du5cEVh5yTK9QJze8zA0C,Unorthodox Jukebox,2012-12-07
2024-01-15,Story of My Life,One Direction,4AK6F7OLvEQ5QYCBNiQWHq,Midnight Memories (Deluxe),2013-11-25
2024-01-30,FIESTA,IZ*ONE,5r1tUTxVSgvBHnoDuDODPH,BLOOM*IZ,2020-02-17
2024-01-30,Love Story,Indila,0FEJqmeLRzsXj8hgcZaAyB,Mini World,2014-01-01
2024-01-30,Dernière danse,Indila,0FEJqmeLRzsXj8hgcZaAyB,Mini World,2014-01-01
2024-01-30,Tourner Dans Le Vide,Indila,0FEJqmeLRzsXj8hgcZaAyB,Mini World,2014-01-01
2024-02-16,Don't Go Insane,DPR IAN,2o8gT0fQmFxGNbowbdgeZe,Don't Go Insane,2023-10-04
2024-02-18,Feather,Sabrina Carpenter,74KM79TiuVKeVCqs8QtB0B,emails i can’t send fwd:,2023-03-17
2024-02-24,Straw,EZ Kim,5WJOZ5N4iegy9XdltTo8os,Straw,2018-08-31
2024-02-24,Scattered,EZ Kim,5WJOZ5N4iegy9XdltTo8os,"Another Miss Oh, Pt. 8 (Original Television Soundtrack)",2016-06-21
2024-02-29,HELL IN HEAVEN,TWICE,7n2Ycct7Beij7Dj7meI4X0,Eyes Wide Open,2020-10-26
2024-02-29,UP NO MORE,TWICE,7n2Ycct7Beij7Dj7meI4X0,Eyes Wide Open,2020-10-26
2024-03-04,Sugarcoat (NATTY Solo),KISS OF LIFE,4TEK9tIkcoxib4GxT3O4ky,KISS OF LIFE,2023-07-05
2024-03-10,Miss Alissa,Eagles Of Death Metal,02uYdhMhCgdB49hZlYRm9o,Peace Love Death Metal,2004
2024-03-11,KAZINO,BIBI,6UbmqUEgjLA6jAcXwbM1Z9,KAZINO,2020-04-29
2024-03-17,One More Last Time,Henry Young,7BFfb40nQrs3xKRMGK1GrC,One More Last Time,2022-05-20
2024-03-17,I Really Want to Stay at Your House,Samuel Kim,2bdcBjvuI9worc472GbeU0,I Really Want to Stay at Your House,2022-10-20
2024-03-17,One More Last Time - slowed,Henry Young,7BFfb40nQrs3xKRMGK1GrC,One More Last Time (slowed & sped up),2023-09-29
2024-03-24,REWIND,TWICE,7n2Ycct7Beij7Dj7meI4X0,Formula of Love: O+T=<3,2021-11-12
2024-03-31,Murder On The Dancefloor,Sophie Ellis-Bextor,2cBh5lVMg222FFuRU7EfDE,Read My Lips (Deluxe Version),2002-06-06
2024-03-31,Rewind,Wonder Girls,3Cv2vi3WTl8VZOTdrBkKdM,REBOOT,2015-08-03
2024-03-31,Here With Me,d4vd,5y8tKLUfMvliMe8IKamR32,Petals to Thorns,2023-05-26
2024-04-01,THE zone~,Lil Yachty,6icQOAFXDZKsumw3YXyusw,Let’s Start Here.,2023-01-27
2024-04-02,MOONLIGHT SUNRISE,TWICE,7n2Ycct7Beij7Dj7meI4X0,MOONLIGHT SUNRISE,2023-01-20
2024-04-02,No Surprises,Juliana Chahayed,2qvGuhgaubJ02pfiKcJAdR,No Surprises,2022-09-30
2024-04-02,apart of me,Takayoshi,6LszZyd03prLB8lIPbZ9Uo,apart of me,2023-01-06
2024-04-03,Roller Coaster,NMIXX,28ot3wh4oNmoFOdVajibBl,Roller Coaster,2023-07-03
2024-04-03,Killin’ Me Good,JIHYO,7F1iAHRYxR3MY7yAEuFqgL,ZONE,2023-08-18
2024-04-03,bad,wave to earth,5069JTmv5ZDyPeZaCCXiCg,0.1 flaws and all.,2023-04-20
2024-04-03,Always,Daniel Caesar,20wkVLutqVOYrc0kxFs7rA,NEVER ENOUGH,2023-04-07
2024-04-04,Hell N Back,Bakar,3K2Srho6NCF3o9MswGR76H,Hell N Back (Sped Up),2019-08-14
2024-04-06,Dead To Me,Kali Uchis,1U1el3k54VvEUzo3ybLPlM,Isolation,2018-04-06
2024-04-11,Look At Me,TWICE,7n2Ycct7Beij7Dj7meI4X0,Twicetagram,2017-10-30
2024-04-17,Jump Around,House Of Pain,0AuW7OCyKfFrsMbtHrYgIV,House of Pain (Fine Malt Lyrics),1992-07-21
2024-04-20,I Love You So,The Walters,027TpXKGwdXP7iwbjUSpV8,I Love You So,2014-11-28
2024-04-20,Young,Vacations,0U7iI0Dk4Ojvi17nZboNO4,Vibes,2016
2024-04-22,Attracted to You,PinkPantheress,78rUTD7y6Cy67W1RVzYs7t,Attracted To You,2021-07-09
2024-04-22,Looking Out for You,Joy Again,4jCIAMb0zEArF3GYEYzoDk,Looking Out for You,2016-01-15
2024-04-24,Shut up My Moms Calling,Hotel Ugly,35WVTyRnKAoaGExqgktVyb,Shut up My Moms Calling,2020-02-10
2024-04-25,SLOW DANCING IN THE DARK,Joji,3MZsBdqDrRTJihTHQrO6Dq,BALLADS 1,2018-10-26
2024-04-25,TEST DRIVE,Joji,3MZsBdqDrRTJihTHQrO6Dq,BALLADS 1,2018-10-26
2024-04-25,YEAH RIGHT,Joji,3MZsBdqDrRTJihTHQrO6Dq,BALLADS 1,2018-10-26
2024-04-25,CAN'T GET OVER YOU (feat. Clams Casino),Joji,3MZsBdqDrRTJihTHQrO6Dq,BALLADS 1,2018-10-26
2024-04-27,Blue Hair,TV Girl,0Y6dVaC9DZtPNH4591M42W,Death of a Party Girl,2018-05-08
2024-04-28,Love Me Again,John Newman,34v5MVKeQnIo0CWYMbbrPf,Tribute,2013-01-01
2024-04-28,Telephones,Vacations,0U7iI0Dk4Ojvi17nZboNO4,Changes,2018
2024-04-28,Upside Down,Jack Johnson,3GBPw9NK25X1Wt2OUvOwY3,Upside Down,2006-02-24
2024-04-28,See You Again (feat. Kali Uchis),"Tyler, The Creator",4V8LLVI7PbaPR0K2TGSxFF,Flower Boy,2017-07-21
2024-04-30,Birds Dont Sing,TV Girl,0Y6dVaC9DZtPNH4591M42W,French Exit,2014-06-05
2024-05-03,Falling Behind,Laufey,7gW0r5CkdEUMm42w9XpyZO,Everything I Know About Love,2022-08-26
2024-05-03,Ms. Jackson,Outkast,1G9G7WwrXka3Z1r7aIDjI7,Stankonia,2000-10-31
2024-05-03,Superstition - Single Version,Stevie Wonder,7guDJrEfX3qb6FEbdPA5qi,The Definitive Collection,2002-10-29
2024-05-03,The girl in my memories (Digging club Seoul Ver.),jeebanoff,6FK6uP46ntwU9gaQQxTlDV,Onstage Digging Club Seoul THEME 04,2019-09-20
2024-05-03,Restless,BIBI,6UbmqUEgjLA6jAcXwbM1Z9,LISTEN 035 Restless,2020-02-02
2024-05-04,Freed from Desire,Gala,3OqTvcWgb0xaainosGVvuZ,Come into My Life (10th Anniversary),1998-06-30
2024-05-05,Mr. Loverman,Ricky Montgomery,0ZUvK7zGdXLd78mQr3t1Tw,Montgomery Ricky,2016-04-01
2024-05-05,Dark Red,Steve Lacy,57vWImR43h4CaDao012Ofp,Dark Red,2017-02-20
2024-05-06,MILLION DOLLAR BABY,Tommy Richman,1WaFQSHVGZQJTbf0BdxdNo,MILLION DOLLAR BABY,2024-04-26
2024-05-08,EARFQUAKE,"Tyler, The Creator",4V8LLVI7PbaPR0K2TGSxFF,IGOR,2019-05-17
2024-05-12,Always Forever,Cults,3Oim8XBPbznAa8Jj8QzNc8,Static,2013-10-15
2024-05-16,Perfect Time,Sawano Hiroyuki,0Riv2KnFcLZA3JSVryRg4y,劇場版 七つの大罪 天空の囚われ人　オリジナル・サウンドトラック,2014
2024-05-17,Electric Love,BØRNS,1KP6TWI40m7p3QBTU6u2xo,Dopamine,2015-10-16
2024-05-28,This game,Konomi Suzuki,3O0kLS5sLZ41XZRxjBKmLF,LIFE of DASH,2017-12-20
2024-06-03,Paradisus-Paradoxum,MYTH & ROID,1NRrtMvT3o1TI6I8XCuweq,eYe's,2017-04-26
2024-06-03,STYX HELIX,MYTH & ROID,1NRrtMvT3o1TI6I8XCuweq,eYe's,2017-04-26
2024-06-03,theater D,MYTH & ROID,1NRrtMvT3o1TI6I8XCuweq,eYe's,2017-04-26
2024-06-06,Nonstop,OH MY GIRL,2019zR22qK2RBvCqtudBaI,NONSTOP,2020-04-27
2024-06-06,The fifth season (SSFWL),OH MY GIRL,2019zR22qK2RBvCqtudBaI,THE FIFTH SEASON,2019-05-08
2024-06-06,Secret Garden,OH MY GIRL,2019zR22qK2RBvCqtudBaI,SECRET GARDEN,2018-01-09
2024-06-06,CLOSER,OH MY GIRL,2019zR22qK2RBvCqtudBaI,CLOSER,2015-10-08
2024-06-09,Dolls,9MUSES,55tJwpPIz9BMrSLM45iEXX,DOLLS,2013-01-24
2024-06-09,Glue,9MUSES,55tJwpPIz9BMrSLM45iEXX,GLUE,2013-12-04
2024-06-09,Sleepless Night,9MUSES,55tJwpPIz9BMrSLM45iEXX,LOST,2015-11-24
2024-06-09,Destiny,OH MY GIRL,2019zR22qK2RBvCqtudBaI,"Queendom < Cover Contest >, Pt. 2",2019-09-20
2024-06-13,Smalltown Boy,Bronski Beat,2wpWOzQE5TpA0dVnh5YD08,The Age of Consent,1984-10-15
2024-06-13,it boy,bbno$,41X1TR6hrK8Q2ZCpp2EqCz,it boy,2024-05-24
2024-06-20,Afraid To Feel,LF SYSTEM,0HxX6imltnNXJyQhu4nsiO,Afraid To Feel,2022-05-02
2024-06-20,MONEY ON THE DASH - SPED UP,Elley Duhé,67MNhiAICFY6Pwc2YxCO0K,MONEY ON THE DASH,2023-01-20
2024-06-20,OMG (FRNK Remix),NewJeans,6HvZYsbFfjnjFrWF950C9d,NJWMX,2023-12-19
2024-06-21,Right Now,NewJeans,6HvZYsbFfjnjFrWF950C9d,Supernatural,2024-06-21
2024-06-28,熱情のスペクトラム,Ikimonogakari,5YneEA2nLtAhkD5t2769lZ,Chou Ikimonobakari Tennen Kinen Members Best Selection,2006
2024-07-03,Don't Stop 'Til You Get Enough,Michael Jackson,3fMbdgg4jU18AjLCKBhRSm,Off the Wall,1979-08-10
2024-07-03,Taking What's Not Yours,TV Girl,0Y6dVaC9DZtPNH4591M42W,Who Really Cares,2016-02-25
2024-07-03,P.Y.T. (Pretty Young Thing),Michael Jackson,3fMbdgg4jU18AjLCKBhRSm,Thriller,1982-11-30
2024-07-08,Fly-day Chinatown,Yasuha,0W2BSNBblzlWTk4bD2A9uR,TRANSIT,1981-11-01
2024-07-08,悲しみがとまらない　I CAN'T STOP THE LONELINESS,Anri,0xGtOrmB2hnrNRLG3vhpSo,Timely!!,1983-12-05
2024-07-08,Hooked On A Feeling,Blue Swede,0UpuH5U4nZ3UGGUJi0Zfbp,Hooked On A Feeling,1974-04-01
2024-07-08,A Bird's Last Look,Macabre Plaza,7r8EHfxHZHU16sUV3BEH1t,Out With the Old in With the Taboo,2022-04-21
2024-07-08,The World We Knew (Over And Over),Frank Sinatra,1Mxqyy3pSjf8kZZL4QVxS0,The World We Knew,1967-08
2024-07-10,Bella Ciao - Música Original de la Serie la Casa de Papel/ Money Heist,Manu Pilas,2TJHmhbmT7L3gw2NKyDTHh,Bella Ciao (Música Original de la Serie la Casa de Papel/ Money Heist),2018-04-20
2024-07-14,Relax,Vacations,0U7iI0Dk4Ojvi17nZboNO4,Vibes,2016
2024-07-14,Ridin Round,Kali Uchis,1U1el3k54VvEUzo3ybLPlM,Ridin Round,2015-11-02
2024-07-14,Communicate,Mick Jenkins,1FvjvACFvko2Z91IvDljrx,The Healing Component,2016-09-23
2024-07-14,Mixed & Mastered,JM7,5JlMu1K8bFk1Q62SRUVckm,Mixed & Mastered,2020-08-11
2024-07-14,Stylin',Sainté,3DEdNjxF3ea9taOMCXouZ6,Local Mvp,2021-01-06
2024-07-14,Tyrant (feat. Jorja Smith),Kali Uchis,1U1el3k54VvEUzo3ybLPlM,Isolation,2018-04-06
2024-07-14,"Dreams, Fairytales, Fantasies (feat. Brent Faiyaz & Salaam Remi)",A$AP Ferg,5dHt1vcEm9qb8fCyLcB3HL,Floor Seats,2019-08-16
2024-07-14,"Palace/Curse (feat. Tyler, The Creator & Steve Lacy)",The Internet,7GN9PivdemQRKjDt4z5Zv8,Ego Death,2015-06-26
2024-07-14,Wham Bam Shang-A-Lang,Silver,7oeuJSyVZTCkm3BurLz8cG,Silver,1976
2024-07-16,Made in Romania,Ionut Cercel,3nEGbFFQiHXnjhbJVwzega,Sapte trandafiri,2011-12-22
2024-07-16,You're The One That I Want - From “Grease”,John Travolta,4hKkEHkaqCsyxNxXEsszVH,Grease (The Original Motion Picture Soundtrack),1978-04-04
2024-07-17,Cry,Cigarettes After Sex,1QAJqy2dA3ihHBFIHRphZj,Cry,2019-10-25
2024-07-17,You've Got a Friend in Me,Randy Newman,3HQyFCFFfJO3KKBlUfZsyW,Toy Story (Original Motion Picture Soundtrack),1995-01-01
2024-07-18,Hey Ya!,Outkast,1G9G7WwrXka3Z1r7aIDjI7,Speakerboxxx/The Love Below,2003
2024-07-18,Take A Chance On Me,ABBA,0LcJLqbBmaGUft1e9Mm8HV,The Album,1977
2024-07-18,Lay All Your Love On Me,ABBA,0LcJLqbBmaGUft1e9Mm8HV,Super Trouper,1980
2024-07-18,Dancing Queen,ABBA,0LcJLqbBmaGUft1e9Mm8HV,Arrival,1976
2024-07-18,Gimme! Gimme! Gimme! (A Man After Midnight),ABBA,0LcJLqbBmaGUft1e9Mm8HV,Voulez-Vous,1979
2024-07-23,Queen of Hearts,Dips & Lo-Wu,5QEVwgXGtOIfu8mm03TJpL,Idle Hands,2021-08-12
2024-07-26,I'm Too Sexy,Right Said Fred,15ajdFAi5bjj5pS9laBfBL,Hits!,2010-01-01
2024-08-02,Rehab,Amy Winehouse,6Q192DXotxtaysaqNPy5yR,Back To Black (Deluxe Edition),2006
2024-08-07,Remember Summer Days,Anri,0xGtOrmB2hnrNRLG3vhpSo,Timely!!,1983-12-05
2024-08-08,Hit the Road Jack,Ray Charles,1eYhYunlNJlDoQhtYBvPsi,True Genius,2021-09-10
2024-08-09,Die For You,Joji,3MZsBdqDrRTJihTHQrO6Dq,SMITHEREENS,2022-11-04
2024-08-12,Tick Tock,DAY6,5TnQc2N1iKlFjYD7CPGvFc,The Book of Us : The Demon,2020-05-11
2024-08-12,Breaking Down,DAY6,5TnQc2N1iKlFjYD7CPGvFc,UNLOCK,2018-10-17
2024-08-13,Why Can't We Be Friends,War,3ICyfoySNDZqtBVmaBT84I,Why Can't We Be Friends?,1975-01-01
2024-08-13,No Surprises,Radiohead,4Z8W4fKeB5YxbusRsdQVPb,OK Computer,1997-05-28
2024-08-13,Creep,Radiohead,4Z8W4fKeB5YxbusRsdQVPb,Pablo Honey,1993-02-22
2024-08-15,"Another Brick in the Wall, Pt. 2",Pink Floyd,0k17h0D3J5VfsdmQ1iZtE9,The Wall,1979-11-30
2024-08-15,Heart Racing,Kanii,1S82w4yw9TYIHZ889mPPaW,Heart Racing,2023-05-19
2024-08-15,82.99 F.M,ANDER503,0U1POekQr14sReipOucCr1,82.99 F.M,2020-03-06
2024-08-15,街のドルフィン,Kingo Hamada,2FdiOm1d5IVBdLlobhzlTF,midnight cruisin',1982-10-21
2024-08-15,Letting Go,DAY6,5TnQc2N1iKlFjYD7CPGvFc,DAYDREAM,2016-03-30
2024-08-15,Harpy Hare,Yaelokre,3rRyfgGByetsaaujkjQ7rY,Harpy Hare,2024-01-04
2024-08-15,wutiwant,saraunh0ly,04HHljh1nKyEVPeIzM0Oid,wutiwant,2022-12-25
2024-08-15,I Deserve to Bleed,Sushi Soucy,1EbbJiG9LzlH2i7fCjhkvv,I Deserve to Bleed,2020-12-26
2024-08-15,不可思議のカルテ,桜島麻衣(CV:瀬戸麻沙美),1UVd8O92UvNlWjDCgnAkRo,【青春ブタ野郎はバニーガール先輩の夢を見ない】不可思議のカルテ,2018-10-03
2024-08-16,Bubble Gum,NewJeans,6HvZYsbFfjnjFrWF950C9d,How Sweet,2024-05-24
2024-08-16,Supernatural,NewJeans,6HvZYsbFfjnjFrWF950C9d,Supernatural,2024-06-21
2024-08-18,UNNATURAL,WJSN,6hhqsQZhtp9hfaZhSd0VSD,UNNATURAL,2021-03-31
2024-08-18,Show Me How,Men I Trust,3zmfs9cQwzJl575W1ZYXeT,Show Me How,2018-02-28
2024-08-18,矜持,Faye Wong,3df3XLKuqTQ6iOSmi0K3Wp,天空,1994-01-01
2024-08-18,The Perfect Girl,Mareux,7riQPkkGZBnTh9ve5qIhYo,The Perfect Girl,2019-10-13
2024-08-19,STAY,BLACKPINK,41MozSoPIsD1dJM0CLPjZF,SQUARE TWO,2016-11-01
2024-08-19,"Now, We",Lovelyz,3g34PW5oNmDBxMVUTzx2XK,"2nd Album Repackage [Now, We]",2017-05-02
2024-08-19,PUNK TACTICS,Joey Valence & Brae,1q4618qKswelCGLoanFKQh,PUNK TACTICS,2023-09-08
2024-08-19,Pop Star,Coco & Clair Clair,5FkMS3KgG0cjiRm250NFTJ,Sexy,2022-11-04
2024-08-19,gogobebe,MAMAMOO,0XATRDCYuuGhk0oE7C0o5G,White Wind,2019-03-14
2024-08-22,Intergalactic Janet,Ley Soul,04BNblybwoPZhAYiKPLKUQ,Intergalactic Janet,2023-11-09
2024-08-23,The Phantom Of the Opera - From 'The Phantom Of The Opera' Motion Picture,Andrew Lloyd Webber,4aP1lp10BRYZO658B2NwkG,The Phantom Of The Opera (Original Motion Picture Soundtrack),2004-12-10
2024-08-23,All I Ask Of You - From 'The Phantom Of The Opera' Motion Picture,Andrew Lloyd Webber,4aP1lp10BRYZO658B2NwkG,The Phantom Of The Opera (Original Motion Picture Soundtrack),2004-12-10
2024-08-23,Not Allowed,TV Girl,0Y6dVaC9DZtPNH4591M42W,Who Really Cares,2016-02-25
2024-08-23,Jealous,Eyedress,3XxNRirzbjfLdDli06zMaB,Jealous,2019-12-06
2024-08-24,Tangled Up - Lokee Remix,Caro Emerald,492hDmhPyuIjP3MgTcIqgm,The Shocking Miss Emerald (The Remixes),2016-06-10
2024-08-24,Lone Digger,Caravan Palace,37J1PlAkhRK7yrZUtqaUpQ,<I°_°I>,2015-10-16
2024-08-28,Carrying You,Azumi Inoue,3lG7z36cCcA64i1S4CBgqp,Laputa: Castle in the Sky Soundtrack -The Mystery of the Levitation Stone-,1986
2024-09-01,Home - 2019 Remaster,Edward Sharpe & The Magnetic Zeros,7giUHu5pv6YTZgSkxxCcgh,Up From Below - 10th Anniversary Edition,2009-07-07
2024-09-01,Good Looking,Suki Waterhouse,5GGJosGMs08YEmKTZJe1fL,Good Looking,2022-08-18
2024-09-06,Duvet,bôa,5jTtGLk1mGFMY5lQOvJYUj,Twilight,2001-03-21
2024-09-06,Judas,Lady Gaga,1HY2Jd0NmPuamShAr6KMms,Born This Way (International Special Edition Version),2011-05-23
2024-09-06,Die With A Smile,Lady Gaga,1HY2Jd0NmPuamShAr6KMms,Die With A Smile,2024-08-16
2024-09-12,Time in a Bottle,Jim Croce,1R6Hx1tJ2VOUyodEpC12xM,X-Men: Days of Future Past (Original Motion Picture Soundtrack),2014-05-19
2024-09-20,Give it to me,SISTAR,2wTLheTmMcFCA4hdY8hZJP,Give It To Me,2013-06-11
2024-09-13,Baggy Trousers - 2010 Remaster,Madness,4AYkFtEBnNnGuoo8HaHErd,Absolutely,1980-09-26
2024-09-14,il vento d'oro,Yugo Kanno,56DDzGJXY0xndL9wu9aHUD,JOJO'S BIZARRE ADVENTURE -Golden Wind O.S.T vol.1 Overture,2018-12-19
2024-09-14,Our House,Madness,4AYkFtEBnNnGuoo8HaHErd,The Rise & Fall,1982-10-08
2024-09-20,THAT'S THAT,MF DOOM,2pAWfrd7WFF3XhVt9GooDL,BORN LIKE THIS (Redux),2019-03-27
2024-09-26,Bad Piggies Theme,Ilmari Hakkola,4Rd5Iqvq3TKgYYlYZO1Gfo,Bad Piggies (Original Game Soundtrack) [Extended Edition],2012-09-27
2024-09-24,Alone,SISTAR,2wTLheTmMcFCA4hdY8hZJP,ALONE,2012-04-12
2024-09-25,Island Song (Come Along with Me) [feat. Ashley Eriksson],Adventure Time,3Op7D6tFVJCOHW6EAV0ck1,Adventure Time: Come Along with Me (Original Soundtrack),2018-09-04
2024-09-27,Some (feat. Lil Boi),SOYOU,3b4kLCI0ZJW47TFsNRqgCb,Some,2014-02-07
2024-09-29,Eyes Without A Face,Billy Idol,7lzordPuZEXxwt9aoVZYmG,Rebel Yell,1983-11-01
2024-10-07,the cutest pair,Regina Song,3Y7gOnKYWfQlEdgXag0Z6W,fangirl,2024-06-14
2024-10-07,Hurt,Nine Inch Nails,0X380XXQSNBYuleKzav5UO,The Downward Spiral,1994-03-08
2024-10-07,Exit Music (For A Film),Radiohead,4Z8W4fKeB5YxbusRsdQVPb,OK Computer,1997-05-28
2024-10-07,Here Comes The Sun - Remastered 2009,The Beatles,3WrFJ7ztbogyGnTHbHJFl2,Abbey Road (Remastered),1969-09-26
2024-10-07,The Less I Know The Better,Tame Impala,5INjqkS1o8h1imAzPqGZBb,Currents,2015-07-17
2024-10-09,El Mañana,Gorillaz,3AA28KZvwAUcZuOKwyblJQ,Demon Days,2005-05-23
2024-10-09,Lemon Tree,Fools Garden,0jRqFvRKCDryHOgrgFqsKG,Dish of the Day,1995-01-01
2024-10-10,アイドル,YOASOBI,64tJ2EAv1R6UaZqc4iOCyj,アイドル,2023-04-12
2024-10-10,"Lover, You Should've Come Over",Jeff Buckley,3nnQpaTvKb5jCQabZefACI,Grace,1994
2024-10-10,Forget Her,Jeff Buckley,3nnQpaTvKb5jCQabZefACI,Grace,1994
2024-10-11,Night Boat to Cairo - 2009 Remaster,Madness,4AYkFtEBnNnGuoo8HaHErd,One Step Beyond,1979-10-19
2024-10-12,Don't Stop The Music,Rihanna,5pKCCKE2ajJHZ9KAiaK11H,Good Girl Gone Bad: Reloaded,2008-06-02
2024-10-13,Cake By The Ocean,DNCE,6T5tfhQCknKG4UnH90qGnz,DNCE,2016-11-18
2024-10-13,DARE (feat. Shaun Ryder & Roses Gabor),Gorillaz,3AA28KZvwAUcZuOKwyblJQ,Demon Days,2005-05-23
2024-10-13,I Will Survive,Gloria Gaynor,6V6WCgi7waF55bJmylC4H5,Love Tracks,1978-11-27
2024-10-13,Wildfire,Sub Focus,0QaSiI5TLA4N7mcsdxShDO,Wildfire,2024-07-30
2024-10-13,I Only Smoke When I Drink,nimino,5x0R3zoC09GMiRJomoexLV,I Only Smoke When I Drink,2024-08-22
2024-10-13,She's My Collar (feat. Kali Uchis),Gorillaz,3AA28KZvwAUcZuOKwyblJQ,Humanz (Deluxe),2017-04-28
2024-10-13,Rhinestone Eyes,Gorillaz,3AA28KZvwAUcZuOKwyblJQ,Plastic Beach,2010-03-05
2024-10-13,Clint Eastwood,Gorillaz,3AA28KZvwAUcZuOKwyblJQ,Gorillaz,2001-03-26
2024-10-13,Kids with Guns,Gorillaz,3AA28KZvwAUcZuOKwyblJQ,Demon Days,2005-05-23
2024-10-13,19-2000,Gorillaz,3AA28KZvwAUcZuOKwyblJQ,Gorillaz,2001-03-26
2024-10-13,New Gold (feat. Tame Impala and Bootie Brown),Gorillaz,3AA28KZvwAUcZuOKwyblJQ,Cracker Island,2023-02-24
2024-10-13,R U Mine?,Arctic Monkeys,7Ln80lUS6He07XvHI8qqHH,AM,2013-09-09
2024-10-13,Fluorescent Adolescent,Arctic Monkeys,7Ln80lUS6He07XvHI8qqHH,Favourite Worst Nightmare,2007-04-22
2024-10-13,Arabella,Arctic Monkeys,7Ln80lUS6He07XvHI8qqHH,AM,2013-09-09
2024-10-14,Last Goodbye,Jeff Buckley,3nnQpaTvKb5jCQabZefACI,Grace,1994
2024-10-17,Tuyo (Narcos Theme) - A Netflix Original Series Soundtrack,Rodrigo Amarante,0UOrkpzPED604dKzxgfJqg,Tuyo (Narcos Theme) [A Netflix Original Series Soundtrack],2015-09-18
2024-10-18,Stop The World I Wanna Get Off With You,Arctic Monkeys,7Ln80lUS6He07XvHI8qqHH,Why'd You Only Call Me When You're High?,2013-09-02
2024-10-20,Live Forever,Oasis,2DaxqgrOhkeH0fpeiQq2f4,Definitely Maybe,1994-08-29
2024-10-20,Sonne,Rammstein,6wWVKhxIU2cEi0K81v7HvP,Mutter,2001-04-02
2024-10-20,ホタルノヒカリ,Ikimonogakari,5YneEA2nLtAhkD5t2769lZ,ハジマリノウタ,2009-12-23
2024-10-20,ありがとう,Ikimonogakari,5YneEA2nLtAhkD5t2769lZ,Chou Ikimonobakari Tennen Kinen Members Best Selection,2006
2024-10-20,SAKURA,Ikimonogakari,5YneEA2nLtAhkD5t2769lZ,Chou Ikimonobakari Tennen Kinen Members Best Selection,2006
2024-10-20,The Night We Met,Lord Huron,6ltzsmQQbmdoHHbLZ4ZN25,Strange Trails,2015-04-06
2024-10-20,Somewhere Only We Know,Keane,53A0W3U0s8diEn9RhXQhVz,Hopes And Fears,2004-05-10
2024-10-20,Army Dreamers - 2018 Remaster,Kate Bush,1aSxMhuvixZ8h9dK9jIDwL,Never for Ever (2018 Remaster),1980-09-07
2024-10-20,The Great Gig in the Sky,Pink Floyd,0k17h0D3J5VfsdmQ1iZtE9,The Dark Side of the Moon,1973-03-01
2024-10-21,Silk Sonic Intro,Bruno Mars,0du5cEVh5yTK9QJze8zA0C,An Evening With Silk Sonic,2021-11-12
2024-10-21,After The Storm,Kali Uchis,1U1el3k54VvEUzo3ybLPlM,Late Night Summer Vibes,2021-08-19
2024-10-25,Immigrant Song,The Halfway Kid,6RKOqm8A3960vhcYYG97SB,Immigrant Song,2024-06-07
2024-10-29,Softcore,The Neighbourhood,77SW9BnxLY8rJ0RciFqkHh,Hard To Imagine The Neighbourhood Ever Changing,2018-11-02
2024-10-30,I'm Not The Only One,Sam Smith,2wY79sveU1sp5g7SokKOiI,In The Lonely Hour,2014-05-26
2024-10-30,Too Good At Goodbyes,Sam Smith,2wY79sveU1sp5g7SokKOiI,The Thrill Of It All (Special Edition),2017-11-03
2024-10-30,La La La,Naughty Boy,1bT7m67vi78r2oqvxrP3X5,Hotel Cabana (Deluxe Version),2013-01-01
2024-10-31,APT.,ROSÉ,3eVa5w3URK5duf6eyVDbu9,APT.,2024-10-18
2024-10-31,Don't Look Back In Anger - Remastered,Oasis,2DaxqgrOhkeH0fpeiQq2f4,(What's The Story) Morning Glory? (Deluxe Remastered Edition),1995
2024-11-04,La Maritza,Sylvie Vartan,3Zi9cVUyWeAFjxEHn3bCqZ,La Maritza,1968-09-20
2024-11-07,Awaken,League of Legends,47mIJdHORyRerp4os813jD,Awaken,2019-01-22
2024-11-10,К окраинам,Rushana,2y8kSVLASiXPBO4NJFGxFC,уф!,2024-05-16
2024-11-10,Rapp Snitch Knishes - Sitar Edition,OMA,6tcltBYoeWDm2P6NoawNIT,Rapp Snitch Knishes (Sitar Edition),2024-09-27
2024-11-10,dedede,Haku.,5qJEtz7aC2nwA9LsjfkGVM,dedede,2024-07-24
2024-11-10,直感way,Haku.,5qJEtz7aC2nwA9LsjfkGVM,僕らじゃなきゃダメになって,2023-08-09
2024-11-10,Virtual Insanity - Remastered 2006,Jamiroquai,6J7biCazzYhU3gM9j1wfid,Driving Songs,2005-01-01
2024-11-10,Cosmic Girl - Remastered 2013,Jamiroquai,6J7biCazzYhU3gM9j1wfid,Travelling Without Moving (Remastered),1996-09-09
2024-11-10,Wait a Minute!,WILLOW,3rWZHrfrsPBxVy692yAIxF,ARDIPITHECUS,2015-01-11
2024-11-13,Ung,SE SO NEON,07OePkse2fcvU9wlVftNMl,Nonadaptation,2020-02-18
2024-11-13,NAN CHUN,SE SO NEON,07OePkse2fcvU9wlVftNMl,NAN CHUN,2020-05-10
2024-11-14,浮光,Zhou Shen,0BezPR1Hn38i8qShQKunSD,浮光,2023-12-31
2024-11-14,Snakes (from the series Arcane League of Legends),PVRIS,6oFs3qk4VepIVFdoD4jmsy,Arcane League of Legends (Soundtrack from the Animated Series),2021-11-20
2024-11-14,Sucker (from the series Arcane League of Legends),Marcus King,0FeWKiZSwBRdGzqeCdlH1a,Sucker (from the series Arcane League of Legends),2024-11-08
2024-11-15,Dynasties and Dystopia (from the series Arcane League of Legends),Denzel Curry,6fxyWrfmjcbj5d12gXeiNV,Arcane League of Legends (Soundtrack from the Animated Series),2021-11-20
2024-11-18,这样很好 (Isha's Song) (from the series Arcane League of Legends),Arcane,57nPqD7z62gDdq37US9XJR,Arcane League of Legends: Season 2 (from the series Arcane League of Legends),2024-11-16
2024-11-18,Remember Me (Intro) (from the series Arcane League of Legends),d4vd,5y8tKLUfMvliMe8IKamR32,Remember Me (from the series Arcane League of Legends),2024-11-15
2024-11-18,Remember Me (from the series Arcane League of Legends),d4vd,5y8tKLUfMvliMe8IKamR32,Remember Me (from the series Arcane League of Legends),2024-11-15
2024-11-18,Beanie,Chezile,1EmdfupUQDpXOcb4Nj2mBH,Beanie,2023-11-28
2024-11-19,Renegade (We Never Run) (from the series Arcane League of Legends),Raja Kumari,5cBFMoMgcAt03YL2r0tS25,Renegade (We Never Run) (from the series Arcane League of Legends),2024-11-09
2024-11-20,Dance with Me,beabadoobee,35l9BRT7MXmM8bv2WDQiyB,Patched Up,2018-12-07
2024-11-23,Love Like You (feat. Rebecca Sugar) - End Credits,Steven Universe,4rF7c8zpCKzuSXohs2HIpA,"Steven Universe, Vol. 1 (Original Soundtrack)",2017-06-02
2024-11-24,Ma Meilleure Ennemie (from the series Arcane League of Legends),Arcane,57nPqD7z62gDdq37US9XJR,Arcane League of Legends: Season 2 (Soundtrack from the Animated Series),2024-11-23
2024-11-25,Our Love (from the series Arcane League of Legends),Curtis Harding,0CUpzKPDfIVzYqMn47jiV3,Arcane League of Legends (Soundtrack from the Animated Series),2021-11-20
2024-11-25,Let You Break My Heart Again,Laufey,7gW0r5CkdEUMm42w9XpyZO,Let You Break My Heart Again,2021-08-13
2024-11-29,Wi Ing Wi Ing,HYUKOH,57okaLdCtv3nVBSn5otJkp,20,2014-09-18
2024-12-06,Valse di Fantastica,ArcVnis,0llMKGIxrrMdAJxJS5HAo1,Valse di Fantastica,2024-10-26
2024-12-06,Enemy with JID (Opening Title Version) (from the series Arcane League of Legends),Imagine Dragons,53XhwfbYqKCa1cC15pYq2q,Enemy with JID (Opening Title Version) (from the series Arcane League of Legends),2024-11-23
2024-12-07,Purple,Nas,20qISvAhX20dpIbOOzGK3q,The Lost Tapes,2002
2024-12-07,No. 1 Party Anthem,Arctic Monkeys,7Ln80lUS6He07XvHI8qqHH,AM,2013-09-09
2024-12-09,Snap Out Of It,Arctic Monkeys,7Ln80lUS6He07XvHI8qqHH,AM,2013-09-09
2024-12-09,残酷な天使のテーゼ,Yoko Takahashi,2RSmBT9gH02j53dMSw982t,残酷な天使のテーゼ/FLY ME TO THE MOON,1995-10-25
2024-12-09,Stars Will Fall,Duster,5AyEXCtu3xnnsTGCo4RVZh,Capsule Losing Contact,2019-03-22
2024-12-09,Karma Police,Radiohead,4Z8W4fKeB5YxbusRsdQVPb,OK Computer,1997-05-28
2024-12-09,How Deep Is Your Love,Bee Gees,1LZEQNv7sE11VDY3SdxQeN,Greatest,1979-01-01
2024-12-09,Besos de Fuego,Trio Los Jaibos,5SVbx6F5ArKll70amV3lv7,Trio Los Jaibos,1998
2024-12-09,Girl Boy,Blonde Redhead,5isqImG0rLfAgBJSPMEVXF,Blonde Redhead,1995-01-01
2024-12-09,Linger,The Cranberries,7t0rwkOPGlDPEhaOcVtOt9,"Everybody Else Is Doing It, So Why Can't We?",1993-03-01
2024-12-09,Alright - 2015 Remaster,Supergrass,0sHeX8oQ6o7xic3wMf4NBU,I Should Coco (20th Anniversary Collector's Edition),1995-05-15
2024-12-09,Inside Out,Duster,5AyEXCtu3xnnsTGCo4RVZh,Stratosphere,1998-02-24
2024-12-09,Crucified - Radio Edit,Army Of Lovers,3JXnjuv4hBqQKOVzJg74Lt,Massive Luxury Overdose (Swedish Version),1991-01-01
2024-12-09,Iris,The Goo Goo Dolls,2sil8z5kiy4r76CRTXxBCA,Dizzy up the Girl,1998
2024-12-09,Lovefool,The Cardigans,1tqZaCwM57UFKjWoYwMLrw,First Band On The Moon (Remastered),1996-01-01
2024-12-09,WILDFLOWER,Billie Eilish,6qqNVTkY8uBg9cP3Jd7DAH,HIT ME HARD AND SOFT,2024-05-17
2024-12-10,CHIHIRO,Billie Eilish,6qqNVTkY8uBg9cP3Jd7DAH,HIT ME HARD AND SOFT,2024-05-17
2024-12-10,THE DINER,Billie Eilish,6qqNVTkY8uBg9cP3Jd7DAH,HIT ME HARD AND SOFT,2024-05-17
2024-12-10,Spin The Wheel (from the series Arcane League of Legends),Arcane,57nPqD7z62gDdq37US9XJR,Spin The Wheel (from the series Arcane League of Legends),2024-11-23
2024-12-10,"More Than A Woman - From ""Saturday Night Fever"" Soundtrack",Bee Gees,1LZEQNv7sE11VDY3SdxQeN,Greatest,1979-01-01
2024-12-10,Rasputin,Boney M.,54R6Y0I7jGUCveDTtI21nb,Rasputin - Lover Of The Russian Queen,2021-05-14
2024-12-10,Sunny,Boney M.,54R6Y0I7jGUCveDTtI21nb,Rasputin - Lover Of The Russian Queen,2021-05-14
2024-12-10,Daddy Cool,Boney M.,54R6Y0I7jGUCveDTtI21nb,Rasputin - Lover Of The Russian Queen,2021-05-14
2024-12-10,Ma Baker (ZDF Starparade 02.06.1977),Boney M.,54R6Y0I7jGUCveDTtI21nb,Love For Sale,1977-07-18
2024-12-11,Clocks,Coldplay,4gzpq5DPGxSnKTe4SA8HAU,A Rush of Blood to the Head,2002-08-27
2024-12-13,Last Surprise,Lyn,5qEtLvXzYdv0G7c7rR6irX,PERSONA5 ORIGINAL SOUNDTRACK,2017-01-17
2024-12-18,Moskau,Dschinghis Khan,1g1nVvle9qO9AWIUWYvPAP,Moskau - Das Neue Best Of Album,2018-04-06
2024-12-21,"Paint It, Black",The Rolling Stones,22bE4uQ6baNwSHPVcDxLCe,Aftermath,1966-04-15
2024-12-23,"City Of Stars - From ""La La Land"" Soundtrack",Ryan Gosling,6kXm2YCtdUOpRYNKeKhfue,La La Land (Original Motion Picture Soundtrack),2016-12-09
2024-12-25,Halah,Mazzy Star,37w38cCSGgKLdayTRjna4W,She Hangs Brightly,1990-05-21
2024-12-25,Fade Into You,Mazzy Star,37w38cCSGgKLdayTRjna4W,So Tonight That I Might See,1993-10-05
2024-12-25,Look On Down From The Bridge,Mazzy Star,37w38cCSGgKLdayTRjna4W,Among My Swan,1996-10-29
2024-12-25,Into Dust,Mazzy Star,37w38cCSGgKLdayTRjna4W,So Tonight That I Might See,1993-10-05
2025-01-01,Take It Off,FISHER,1VJ0briNOlXRtJUAzoUJdt,Take It Off,2023-06-09
2025-01-01,The Days - NOTION Remix,Chrystal,5bQ3wFgekuIMIcWJuxkqLK,The Days (NOTION Remix),2024-11-08
2025-01-06,seasons,wave to earth,5069JTmv5ZDyPeZaCCXiCg,summer flows 0.02,2020-08-04
2025-01-07,light,wave to earth,5069JTmv5ZDyPeZaCCXiCg,light,2019-11-18
2025-01-07,love.,wave to earth,5069JTmv5ZDyPeZaCCXiCg,0.1 flaws and all.,2023-04-20
2025-01-07,Someday,The Strokes,0epOFNiUfyON9EYx7Tpr6V,Is This It,2001-07-30
2025-01-07,Breathe (In the Air),Pink Floyd,0k17h0D3J5VfsdmQ1iZtE9,The Dark Side of the Moon,1973-03-01
2025-01-07,Sextape,Deftones,6Ghvu1VvMGScGpOUJBAHNH,Diamond Eyes,2010-04-30
2025-01-11,Promise,Laufey,7gW0r5CkdEUMm42w9XpyZO,Bewitched,2023-09-08
2025-01-11,Laputa,Panchiko,4KEHIUSoWCcqrk8AddTE1O,D>E>A>T>H>M>E>T>A>L,2000-12-05
2025-01-12,Back On 74,Jungle,59oA5WbbQvomJz2BuRG071,Volcano,2023-08-11
2025-01-12,CRAZY,LE SSERAFIM,4SpbR6yFEvexJuaBpgAU5p,CRAZY (Party Remixes 1),2024-09-02
2025-01-12,ツバメ (feat. ミドリーズ),YOASOBI,64tJ2EAv1R6UaZqc4iOCyj,ツバメ (feat. ミドリーズ),2021-10-25
2025-01-13,the way things go,beabadoobee,35l9BRT7MXmM8bv2WDQiyB,the way things go,2023-07-18
2025-01-13,Real Man,beabadoobee,35l9BRT7MXmM8bv2WDQiyB,This Is How Tomorrow Moves,2024-08-09
2025-01-13,Paranoid Android,Radiohead,4Z8W4fKeB5YxbusRsdQVPb,OK Computer,1997-05-28
2025-01-16,Guess featuring billie eilish,Charli xcx,25uiPmTg16RbhZWAqwLBy5,Brat and it’s completely different but also still brat,2024-10-11
2025-01-17,勿听（《黑神话：悟空》盘丝岭片尾曲）（Listen Not）,張紫寧(Winnie),5NOUPpTUG8w2NRrYGSUsIf,《黑神话：悟空》游戏音乐精选集（Black Myth: Wukong Soundtrack Selection）,2024-08-20
2025-01-19,A Million Miles Away,Belle,1m9ZvxLFfX9avls54a0y40,Belle (Original Motion Picture Soundtrack),2021-07-30
2025-01-21,House of the Rising Sun,The Animals,3ICflSq6ZgYAIrm2CTkfVP,The Singles Plus,2003-02-28
2025-01-22,blue,yung kai,6zO1dZ40fTZ5hY9NnnRJSk,blue,2024-08-02
2025-01-24,月亮代表我的心,Teresa Teng,3ienC90A5I1X3irDyQoqWZ,鄧麗君15週年,1983-12-08
2025-01-29,Beanie - Slowed,Chezile,1EmdfupUQDpXOcb4Nj2mBH,Beanie,2024-11-08
2025-01-30,23,Rejjie Snow,3lLHpTOJ11tWiUNGYN14gt,Dear Annie,2018-02-16
2025-01-30,Disco Pantz,Rejjie Snow,3lLHpTOJ11tWiUNGYN14gt,Baw Baw Black Sheep,2021-07-09
2025-01-30,The Rain,Rejjie Snow,3lLHpTOJ11tWiUNGYN14gt,Dear Annie,2018-02-16
2025-01-31,Would You (go to bed with me?),Campbell,5udgXJYWwK7cchnPSKqEkK,Would You (go to bed with me?),2023-07-21
2025-01-31,Fast Life,GEE LEE,77uLXqHKG5n6UYMUr0b0e5,Fast Life,2023-01-25
2025-02-02,Giant (with Rag'n'Bone Man),Calvin Harris,7CajNmpbOovFoOoasH2HaY,96 Months,2024-08-08
2025-02-02,Gypsy Woman (She's Homeless) (La Da Dee La Da Da) - Basement Boy Strip To The Bone Mix,Crystal Waters,2sd9Q3r0Jhqpe3w9WVuG43,Surprise,1991-01-01
2025-02-02,Baby I'm Yours,Breakbot,0iui2Be5CP8EWxvHYsVspL,Baby I'm Yours,2010-02-15
2025-02-04,High and Dry,Radiohead,4Z8W4fKeB5YxbusRsdQVPb,The Bends,1995-03-13
2025-02-04,Let Down,Radiohead,4Z8W4fKeB5YxbusRsdQVPb,OK Computer,1997-05-28
2025-02-04,Fake Plastic Trees,Radiohead,4Z8W4fKeB5YxbusRsdQVPb,The Bends,1995-03-13
2025-02-04,Weird Fishes / Arpeggi,Radiohead,4Z8W4fKeB5YxbusRsdQVPb,In Rainbows,2007-12-28
2025-02-04,"Cnv Sound, Vol. 14",Pure Negga,1F23hhbmyCMBq3BadxKNhk,Cnv Sound Volums (Kion Studio One Shots),2018-05-20
2025-02-04,Jigsaw Falling Into Place,Radiohead,4Z8W4fKeB5YxbusRsdQVPb,In Rainbows,2007-12-28
2025-02-04,Day 1,Red Velvet,1z4g3DjTBBZKhvAroFlhOM,The Red - The 1st Album,2015-09-09
2025-02-07,Piano Man,Billy Joel,6zFYqv1mOsgBRQbae3JJ9e,Piano Man (Legacy Edition),1973-11-07
2025-02-08,Yu-Gi-Oh! Theme,Yu-Gi-Oh!,5JUpTxnkBJiyEjFe3LxsiC,Yu-Gi-Oh! Theme,2024-02-08
2025-02-14,West Coast Love,Emotional Oranges,12trz2INGglrKMzLmg0y2C,The Juice: Vol. II,2019-11-08
2025-02-16,The Line (from the series Arcane League of Legends),Arcane,57nPqD7z62gDdq37US9XJR,Arcane League of Legends: Season 2 (Soundtrack from the Animated Series),2024-11-23
2025-02-16,Knee Socks,Arctic Monkeys,7Ln80lUS6He07XvHI8qqHH,AM,2013-09-09
2025-02-21,Never Catch Me,Flying Lotus,29XOeO6KIWxGthejQqn793,You're Dead!,2014-10-06
2025-02-22,Hotel California - 2013 Remaster,Eagles,0ECwFtbIWEVNwjlrfc6xoL,Hotel California (2013 Remaster),1976-12-08
2025-02-22,Sultans Of Swing,Dire Straits,0WwSkZ7LtFUFjGjMZBMt6T,Dire Straits,1978-10-07
2025-02-22,Free Bird,Lynyrd Skynyrd,4MVyzYMgTwdP7Z49wAZHx0,Pronounced' Leh-'Nerd 'Skin-'Nerd,1973-01-01
2025-02-22,Gangsters - 2015 Remaster,The Specials,6xnvNmSzmeOE1bLKnYXKW3,The Specials (Deluxe Version),1979-11-01
2025-02-22,Rollin' (Air Raid Vehicle),Limp Bizkit,165ZgPlLkK7bf5bDoFc6Sb,Chocolate Starfish And The Hot Dog Flavored Water,2000-10-17
2025-02-22,Break Stuff,Limp Bizkit,165ZgPlLkK7bf5bDoFc6Sb,Significant Other,1999
2025-02-22,Take A Look Around,Limp Bizkit,165ZgPlLkK7bf5bDoFc6Sb,Chocolate Starfish And The Hot Dog Flavored Water,2000-10-17
2025-02-26,Come Inside Of My Heart,IV OF SPADES,4k9wp4ipHdA1bu1T4x1ZTG,CLAPCLAPCLAP!,2019-01-18
2025-02-27,Back To Black,Amy Winehouse,6Q192DXotxtaysaqNPy5yR,Back To Black,2006-10-27
2025-03-01,(They Long To Be) Close To You,Carpenters,1eEfMU2AhEo7XnKgL7c304,Close To You,1970-01-01
2025-03-01,Full Measure,Duv,1LTXSRtfoqevh9ILxubJzD,And Death Held Its Name,2023-12-12
2025-03-01,Killer Queen,Queen,1dfeR4HaWDbWqFHLkxsg1d,Bohemian Rhapsody (The Original Soundtrack),2018-10-19
2025-03-01,Goodbye Yellow Brick Road - Remastered 2014,Elton John,3PhoLpVuITZKcymswpck5b,Goodbye Yellow Brick Road (Remastered),1973-10-05
2025-03-01,Washing Machine Heart,Mitski,2uYWxilOVlUdk4oV9DvwqK,Be the Cowboy,2018-08-17
2025-03-02,Choose a Deity,Cruzur,09n3loVd9FQh0cJ2ajWe0x,Choose a Deity,2023-10-13
2025-03-02,UltraChurch (ULTRAKILL) (Original Game Soundtrack),Keygen Church,49yTs5PHrOjyslAqSF2iCG,UltraChurch (ULTRAKILL) (Original Game Soundtrack),2023-04-27
2025-03-04,did i tell u that i miss u,adore,7ofG5BaSiQp8WeL4YCYDhF,did i tell u that i miss u,2024-05-30
2025-03-04,Lily of The Valley,DANIEL,1eZ0sjIrNuSNiZSfjTYgi6,Flower,2020-02-14
2025-03-05,Heads Will Roll - A-Trak Remix,Yeah Yeah Yeahs,3TNt4aUIxgfy9aoaft5Jj2,Heads Will Roll (A-Trak Remix),2009-01-01
2025-03-05,Hard Times,Paramore,74XFHRwlV6OrjEM0A2NCMF,After Laughter,2017-05-12
2025-03-05,Faint,Linkin Park,6XyY86QOPPrYVGvF9ch6wz,Meteora,2003-03-25
2025-03-05,Like Him (feat. Lola Young),"Tyler, The Creator",4V8LLVI7PbaPR0K2TGSxFF,CHROMAKOPIA,2024-10-28
2025-03-06,Relax My Eyes,ANOTR,4p5WgeiPSPpqPDs7T6OkWf,Relax My Eyes,2022-11-04
2025-03-13,Wicked Game,Chris Isaak,7290H8m1Dwt8G7jm1y9CQx,Lata 80,2023-06-12
2025-03-15,Rally House,prod. DTM,661DKnfZy9RMb8FcbUZboE,Rally House,2024-01-23
2025-03-16,Pyramids,Frank Ocean,2h93pZq0e7k5yf4dywlkpM,channel ORANGE,2012-07-10
2025-03-16,Lost,Frank Ocean,2h93pZq0e7k5yf4dywlkpM,channel ORANGE,2012-07-10
2025-03-16,Novacane,Frank Ocean,2h93pZq0e7k5yf4dywlkpM,Novacane,2011-01-01
2025-03-16,PRIDE.,Kendrick Lamar,2YZyLoL8N0Wb9xBt1NhZWg,DAMN.,2017-04-14
2025-03-16,Alright,Kendrick Lamar,2YZyLoL8N0Wb9xBt1NhZWg,To Pimp A Butterfly,2015-03-16
2025-03-20,Amusement Park,BAEKHYUN,4ufh0WuMZh6y4Dmdnklvdl,Amusement Park,2020-12-21
2025-03-20,Robbery,Lime Cordiale,6yrtCy4XJHXM6tczo4RlTs,14 Steps To A Better You,2020-07-10
2025-03-20,A Message to You Rudy - 2015 Remaster,The Specials,6xnvNmSzmeOE1bLKnYXKW3,The Specials (Deluxe Version),1979-11-01
2025-03-31,No One Noticed (Extended Spanish),The Marías,2sSGPbdZJkaSE2AbcGOACx,No One Noticed (Extended),2024-11-15
2025-04-01,Santa Monica,BUBBLE TEA AND CIGARETTES,2UMeX51X1prCFgi51RHo9P,There's Nothing But Pleasure,2022-09-02
2025-04-01,Apocalypse,Cigarettes After Sex,1QAJqy2dA3ihHBFIHRphZj,Cigarettes After Sex,2017-06-09
2025-04-03,Feel It (From “Invincible”),d4vd,5y8tKLUfMvliMe8IKamR32,Feel It (From “Invincible”),2024-03-28
2025-04-04,I Think I Left the Stove On,Hotel Ugly,35WVTyRnKAoaGExqgktVyb,I Think I Left the Stove On,2022-07-14
2025-04-09,I'm Yours,Jason Mraz,4phGZZrJZRo4ElhRtViYdl,We Sing. We Dance. We Steal Things.,2008-05-01
2025-04-10,Back 2 Back,Inlie,49Cw2UzAPedUfYc9zCpdPi,Back 2 Back,2023-07-16
2025-04-10,What Are You Waiting For,d4vd,5y8tKLUfMvliMe8IKamR32,What Are You Waiting For,2025-03-28
2025-04-11,Sleep,Godspeed You! Black Emperor,4svpOyfmQKuWpHLjgy4cdK,Lift Your Skinny Fists Like Antennas to Heaven,2000-10-09
2025-04-18,Juna,Clairo,3l0CmX0FuQjFxr8SK7Vqag,Charm,2024-07-12
2025-04-18,Street Spirit (Fade Out),Radiohead,4Z8W4fKeB5YxbusRsdQVPb,The Bends,1995-03-13
2025-04-18,Reckoner,Radiohead,4Z8W4fKeB5YxbusRsdQVPb,In Rainbows,2007-12-28
2025-04-18,Slipping Through My Fingers,ABBA,0LcJLqbBmaGUft1e9Mm8HV,The Visitors (Deluxe Edition),1981
2025-04-19,"Something to Rap About (feat. Tyler, The Creator)",Freddie Gibbs,0Y4inQK6OespitzD6ijMwb,Alfredo,2020-05-29
2025-04-19,Jazz (We've Got),A Tribe Called Quest,09hVIj6vWgoCDtT03h8ZCa,The Low End Theory,1991-09-24
2025-04-19,wash my sins away,berlioz,3k3RY7kR8f0vp8Cq27P141,wash my sins away,2023-05-12
2025-04-19,Libet's delay,The Caretaker,2uQn9OFibYuvEMqMuH1zaP,An empty bliss beyond this World,2024-01-26
2025-04-19,Nude,Radiohead,4Z8W4fKeB5YxbusRsdQVPb,In Rainbows,2007-12-28
2025-04-28,Electioneering,Radiohead,4Z8W4fKeB5YxbusRsdQVPb,OK Computer,1997-05-28
2025-04-28,Airbag,Radiohead,4Z8W4fKeB5YxbusRsdQVPb,OK Computer,1997-05-28
2025-04-28,Subterranean Homesick Alien,Radiohead,4Z8W4fKeB5YxbusRsdQVPb,OK Computer,1997-05-28
2025-04-28,All I Need,Radiohead,4Z8W4fKeB5YxbusRsdQVPb,In Rainbows,2007-12-28
2025-05-03,Selfless,The Strokes,0epOFNiUfyON9EYx7Tpr6V,The New Abnormal,2020-04-10
2025-05-03,My Iron Lung,Radiohead,4Z8W4fKeB5YxbusRsdQVPb,The Bends,1995-03-13
2025-05-03,Black Star,Radiohead,4Z8W4fKeB5YxbusRsdQVPb,The Bends,1995-03-13
2025-05-03,Everything In Its Right Place,Radiohead,4Z8W4fKeB5YxbusRsdQVPb,Kid A,2000-10-02
2025-05-04,掙脫,Faye Wong,3df3XLKuqTQ6iOSmi0K3Wp,天空,1994-01-01
2025-05-05,One Day More,Les Misérables Cast,71wy5iisVKXLZgoPxdFi8A,Les Misérables: The Motion Picture Soundtrack Deluxe (Deluxe Edition),2013-01-01
2025-05-05,Empty Chairs At Empty Tables,Eddie Redmayne,4EJP6Qhk6l18LumCcpEfLw,Les Misérables: The Motion Picture Soundtrack Deluxe (Deluxe Edition),2013-01-01
2025-05-06,Bye Bye,SAFIA,1y07gMlsfAdz2KOvZzyUTB,Internal,2016-09-09
2025-05-06,YKWIM?,Yot Club,6FugQjLquBF4JzATRN70bR,Bipolar,2019-05-31
2025-05-06,Space Song,Beach House,56ZTgzPBDge0OvCGgMO3OY,Depression Cherry,2015-08-28
2025-05-07,Shine Like a Sunlight,Kim Oki,1Z8Khxem5wcnSoH3WpwMbF,Love Flower,2022-12-02
2025-05-08,Time Moves Slow,BADBADNOTGOOD,65dGLGjkw3UbddUg2GKQoZ,IV,2016-07-08
2025-05-08,"Call It Fate, Call It Karma",The Strokes,0epOFNiUfyON9EYx7Tpr6V,Comedown Machine,2013-03-25
2025-05-08,Freaking Out the Neighborhood,Mac DeMarco,3Sz7ZnJQBIHsXLUSo0OQtM,2,2012-10-16
2025-05-08,Plastic Beach (feat. Mick Jones and Paul Simonon),Gorillaz,3AA28KZvwAUcZuOKwyblJQ,Plastic Beach,2010-03-05
2025-05-10,Will I See You Again?,Thee Sacred Souls,0oK5D6uPhGu4Jk2dbZfodU,Will I See You Again?,2020-12-01
2025-05-11,Love Me Not,Ravyn Lenae,5RTLRtXjbXI2lSXc6jxlAz,Bird's Eye,2024-08-09
2025-05-11,Velvet Ring - 2023 Remaster,Big Thief,5QdyldG4Fl4TPiOIeMNpBZ,Masterpiece (2023 Remaster),2016
2025-05-24,Daylight,David Kushner,33NVpKoXjItPwUJTMZIOiY,Daylight,2023-04-14
2025-05-26,The Walking Dead (Feat. Kim Feel),Heize,5dCvSnVduaFleCnyy98JMo,HAPPEN,2021-05-20
2025-05-26,Shut Up & Groove,Heize,5dCvSnVduaFleCnyy98JMo,And July,2016-07-18
2025-05-26,Last,Dvwn,6WWUJGBY4ETAE22tRmgJ8b,"Dawn Defibrillation, Vol.1",2019-12-16
2025-05-26,이방인,Bobby Kim,5s5g2cVTox2dzQE65XOD4z,닥터 이방인 (Original Television Soundtrack) Pt. 1,2014-05-07
2025-05-26,Buff Baby,tobi lou,4T8NIfZmVY6TJFqVzN6X49,tobi lou and the Loop,2018-04-27
2025-05-26,"Baby, it's okay - Instrumental",DAY6,5TnQc2N1iKlFjYD7CPGvFc,If 〜また逢えたら〜,2018-03-14
2025-05-26,Goth,Sidewalks and Skeletons,48nHO1cuTbpx4ELhChsxX1,White Light,2015-03-05
2025-05-26,undressed,sombr,4G9NDjRyZFDlJKMRL8hx3S,undressed,2025-03-21
2025-05-26,Doomsday,MF DOOM,2pAWfrd7WFF3XhVt9GooDL,Operation: Doomsday (Complete),1999-10-19
2025-05-27,What You Know,Two Door Cinema Club,536BYVgOnRky0xjsPT96zl,Tourist History,2010-02-17
2025-05-27,Let It Happen,Tame Impala,5INjqkS1o8h1imAzPqGZBb,Currents,2015-07-17
2025-05-29,Adventure of a Lifetime,Coldplay,4gzpq5DPGxSnKTe4SA8HAU,A Head Full of Dreams,2015-12-04
2025-05-29,King For A Day,Pierce The Veil,4iJLPqClelZOBCBifm8Fzv,Collide With The Sky,2012-07-17
2025-05-30,Goddess,Laufey,7gW0r5CkdEUMm42w9XpyZO,Bewitched: The Goddess Edition,2024-04-26
2025-06-02,Dog Days Are Over,Florence + The Machine,1moxjboGR7GNWYIMWsRjgG,Lungs (Deluxe Version),2009
2025-06-03,Mrs Magic,Strawberry Guy,1AbJ2cmwK400LSvdvBL5Jc,Mrs Magic,2019-07-24
2025-06-03,The Blonde,TV Girl,0Y6dVaC9DZtPNH4591M42W,French Exit,2014-06-05
2025-06-05,Asleep Among Endives,Ichiko Aoba,6ignRjbPmLvKdtMLj9a5Xs,Asleep Among Endives,2021-02-03
2025-06-05,Can I Call You Rose?,Thee Sacred Souls,0oK5D6uPhGu4Jk2dbZfodU,Thee Sacred Souls,2022-08-26
2025-06-05,The Dead Flag Blues,Godspeed You! Black Emperor,4svpOyfmQKuWpHLjgy4cdK,F♯ A♯ ∞,1997-08-14
2025-06-06,BABYS IN A THUNDERCLOUD,Godspeed You! Black Emperor,4svpOyfmQKuWpHLjgy4cdK,"“NO TITLE AS OF 13 FEBRUARY 2024 28,340 DEAD”",2024-10-04
2025-06-06,East Hastings,Godspeed You! Black Emperor,4svpOyfmQKuWpHLjgy4cdK,F♯ A♯ ∞,1997-08-14
2025-06-08,Your Dog Loves You (Feat. Crush),Colde,3VQDqjQ4wJyw8PzpGdlZpB,Your Dog Loves You,2018-03-28
2025-06-08,Can't Help Falling In Love,Kina Grannis,7h4j9YTJJuAHzLCc3KCvYu,Crazy Rich Asians (Original Motion Picture Soundtrack),2018-08-10
2025-06-09,Nope your too late i already died,wifiskeleton,0TvvDswOgvPbgSPK2RDf62,suburban daredevil,2024-10-22
2025-06-09,Joe Hisaishi in Budokan - Kimi o Nosete  Carrying You (Castle in the Sky) with lyrics,,NA,,NA
2025-06-10,Cigarettes out the Window,TV Girl,0Y6dVaC9DZtPNH4591M42W,Who Really Cares,2016-02-25
2025-06-17,Cracker Island (feat. Thundercat),Gorillaz,3AA28KZvwAUcZuOKwyblJQ,Cracker Island (Deluxe),2023-02-27
2025-06-16,Golden Brown,The Stranglers,0RUEHcBiENFEqxgicqS2ig,La Folie,1981
2025-06-17,After Last Night (with Thundercat & Bootsy Collins),Bruno Mars,0du5cEVh5yTK9QJze8zA0C,An Evening With Silk Sonic,2021-11-11
2025-06-19,Romantic Homicide,d4vd,5y8tKLUfMvliMe8IKamR32,Romantic Homicide,2022-07-20
2025-06-22,You Are the Right One,Sports,4AGNJdJiVltImYk1UTLE0K,Naked All the Time,2015-07-24
2025-06-22,That's All,Kris Jonathon,1Kt09OHecYKH4aJI5ZJdph,That's All,2021-03-19
2025-06-22,now i know,Sarah Kang,0MBNzfGHTiPYag4DupDXUj,maybe i'm better now,2021-06-25
2025-06-22,"Don't Leave Me, My Love",Colde,3VQDqjQ4wJyw8PzpGdlZpB,Love Part 1,2019-05-31
2025-06-22,Die For You,Joji,3MZsBdqDrRTJihTHQrO6Dq,SMITHEREENS,2022-11-04
2025-06-23,Like the first time (Feat. Gary),Heize,5dCvSnVduaFleCnyy98JMo,HAPPEN,2021-05-20
2025-06-24,Illegal,PinkPantheress,78rUTD7y6Cy67W1RVzYs7t,Fancy That,2025-05-09
2025-06-26,Run,Joji,3MZsBdqDrRTJihTHQrO6Dq,Nectar,2020-09-24
2025-06-29,Carnival,The Cardigans,1tqZaCwM57UFKjWoYwMLrw,Life (Remastered),1995-01-01
2025-06-29,Lotus Flower,Radiohead,4Z8W4fKeB5YxbusRsdQVPb,The King Of Limbs,2011-02-18
2025-06-29,Trying Too Hard (Lullaby),Noah Yorke,1KgRATlxeAdHQLacHoIjgQ,Trying Too Hard (Lullaby),2021-09-24
2025-07-02,ADHD CONCERTO 77 SIDE A,Nobodies Home,4StnzhKz0T9XpTlZqQTZcX,ADHD Concerto 77,2018-07-13
2025-07-02,Photosynthesis,Saba,7Hjbimq43OgxaBRpFXic4x,Bucket List Project,2016-10-27
2025-07-17,Glory Box,Portishead,6liAMWkVf5LH7YR9yfFy1Y,Dummy,1994-01-01
2025-07-21,HER,Block B,4RnezwRV7VBJUCI1S0AE5u,HER,2014-07-24
2025-07-26,Flight's Booked,Drake,3TVXtAsR1Inumwj472S9r4,"Honestly, Nevermind",2022-06-17
2025-07-29,Massive,Drake,3TVXtAsR1Inumwj472S9r4,"Honestly, Nevermind",2022-06-17
2025-07-29,Sticky,Drake,3TVXtAsR1Inumwj472S9r4,"Honestly, Nevermind",2022-06-17
2025-07-30,Get It Together,Drake,3TVXtAsR1Inumwj472S9r4,More Life,2017-03-18
2025-08-04,Homage,Mild High Club,5J81VungUjSVHxlPpTI9KG,Skiptracing,2016-08-26
2025-08-08,Got to Be Real,Cheryl Lynn,6UfoTQXaV3DuqtDVjZIxwZ,Cheryl Lynn (Expanded Edition),1978-07-17
2025-08-09,It Was A Good Day,Ice Cube,3Mcii5XWf6E0lrY3Uky4cA,Greatest Hits,2001-12-04
2025-08-10,Rock Your Body,Justin Timberlake,31TPClRtHm23RisEBtV3X7,Justified,2002-11-04
2025-08-15,Impacto,Enjambre,1ZdhAl62G6ZlEKqIwUAfZR,El Segundo Es Felino,2008
2025-08-15,La Ciruela,Nico Play,26l7d6CNDqVJKOepWtK3Bl,Desilusión,2022-11-02
2025-08-15,Cariño,The Marías,2sSGPbdZJkaSE2AbcGOACx,"Superclean, Vol. II",2018-09-28
2025-08-15,Ilusión De Amor,Jensine Benitez,6EkOEYrG2cAQgIatrHQJbX,Ilusión De Amor,2022-09-20
2025-08-24,Deslocado,NAPA,3BR3Qfra04DICDUB2BL3eu,Deslocado,2025-03-10
2025-08-26,Tree Among Shrubs,Men I Trust,3zmfs9cQwzJl575W1ZYXeT,Untourable Album,2021-08-25
2025-08-26,Only Ones Who Know,Arctic Monkeys,7Ln80lUS6He07XvHI8qqHH,Favourite Worst Nightmare,2007-04-22
2025-08-26,If Only,The Marías,2sSGPbdZJkaSE2AbcGOACx,Submarine,2024-05-31
2025-08-26,Cannock Chase,Labi Siffre,5CzlICF8GCY0pRC82MKrhX,Crying Laughing Loving Lying,1972
2025-08-26,Us and Them,Pink Floyd,0k17h0D3J5VfsdmQ1iZtE9,The Dark Side of the Moon,1973-03-01
2025-08-26,Highschool Lover,Air,1P6U1dCeHxPui5pIrGmndZ,The Virgin Suicides (Original Motion Picture Score),2000-02-29
2025-08-26,Nobody New,The Marías,2sSGPbdZJkaSE2AbcGOACx,Nobody New,2025-04-02
2025-08-26,Have a Cigar,Pink Floyd,0k17h0D3J5VfsdmQ1iZtE9,Wish You Were Here,1975-09-12
2025-08-26,River Man,Nick Drake,5c3GLXai8YOMid29ZEuR9y,Five Leaves Left,1969-07-03
2025-08-26,Lilac Wine,Jeff Buckley,3nnQpaTvKb5jCQabZefACI,Grace,1994
2025-08-26,Oh Dove,Men I Trust,3zmfs9cQwzJl575W1ZYXeT,Untourable Album,2021-08-25
2025-08-26,The Landkeeper,Men I Trust,3zmfs9cQwzJl575W1ZYXeT,Equus Asinus,2025-03-19
2025-09-01,When Morning Comes,Strawberry Guy,1AbJ2cmwK400LSvdvBL5Jc,Sun Outside My Window,2021-10-29
2025-09-05,Secret Door,Arctic Monkeys,7Ln80lUS6He07XvHI8qqHH,Humbug,2009-08-20
2025-09-05,You’re here that’s the thing,beabadoobee,35l9BRT7MXmM8bv2WDQiyB,Beatopia,2022-07-15
2025-09-05,Only in My Dreams,The Marías,2sSGPbdZJkaSE2AbcGOACx,"Superclean, Vol. I",2017-11-03
2025-09-17,Numb,Men I Trust,3zmfs9cQwzJl575W1ZYXeT,Numb,2019-04-12
2025-09-19,All I Ask,Adele,4dpARuHxo51G3z768sgnrY,25,2015-11-20
2025-09-25,Bauklotze,Sawano Hiroyuki,0Riv2KnFcLZA3JSVryRg4y,"TV Anime ""Attack on Titan"" Original Soundtrack",2013
2025-09-28,La petite fille de la mer - Remastered,Vangelis,4P70aqttdpJ9vuYFDmf7f6,L'apocalypse des animaux (Remastered),1973-01-01
2025-10-01,GLASSY SKY,Yutaka Yamada,0G8iubd5gKv5vdPnmHRaxT,TVアニメ『東京喰種』ORIGINAL SOUNDTRACK,2015-03-25
2025-10-02,約束の花,Kenji Kawai,4ObvA097FfnbrTm3Uepano,映画『さよならの朝に約束の花をかざろう』オリジナルサウンドトラック,2018-02-24
2025-10-08,Rookie,Red Velvet,1z4g3DjTBBZKhvAroFlhOM,Rookie - The 4th Mini Album,2017-02-01
2025-10-29,Y Que Fue?,Don Miguelo,1noWnd8QFQD9VLxWEeo4Zf,EMDP (The Last Album),2024-03-21
2025-10-29,Charger,TRIANGLE DES BERMUDES,3HmSuQk0VaGhv9hX22h10J,Franchement !,2025-02-14
2025-10-29,Adriano,Niska,7CUFPNi1TU8RowpnFRSsZV,Adriano,2025-07-11
2025-10-29,PARISIENNE,GIMS,0GOx72r5AAEKRGQFn3xqXK,PARISIENNE,2025-08-01
2025-10-29,Est-ce que tu m'aimes ? - Pilule bleue,GIMS,0GOx72r5AAEKRGQFn3xqXK,Mon coeur avait raison,2015-08-28
2025-11-10,,,0LyfQWJT6nXafLPZqxe9Of,,0000
2025-11-10,WILDFIRE,FUZION,6Onz7lRkfK9vCyZDEKoFmB,WILDFIRE,2025-10-31
2025-11-10,"Hold On, Let Go",ANOTR,4p5WgeiPSPpqPDs7T6OkWf,"Hold On, Let Go",2025-08-22
2025-11-10,Jamie (Do you still love me?),Ecchi.mp4,43rijQ3n85cBIp2xHJgXBI,Jamie (Do you still love me?),2025-08-22
2025-11-20,A Keeper,Drake,3TVXtAsR1Inumwj472S9r4,"Honestly, Nevermind",2022-06-17
2025-11-21,Take Me Away (feat. Syd),Daniel Caesar,20wkVLutqVOYrc0kxFs7rA,Freudian,2017-08-25
2025-11-29,VIBES DON'T LIE,Leon Thomas,0nnBZ8FXWjG9wZgM2cpfeb,MUTT,2024-09-27
2025-12-04,Paris,Nono La Grinta,4P2HohWBtvSxxwabNDdYXN,RESTART,2025-04-25
2025-12-04,TERRAIN,Nono La Grinta,4P2HohWBtvSxxwabNDdYXN,TERRAIN,2025-07-09
2025-12-04,C'est Quoi Ton Délire,L2B,4hYxvgmTzS29XAXlo5adgM,Nés Pour Briller : Book II,2025-04-17
2025-12-21,I Thought I Saw Your Face Today,She & Him,3CIRif6ZAedT7kZSPvj2A4,Volume One,2008-03-18
2026-01-23,The Rumbling,SiM,2BM933ADIluGGrPBOhPgIt,The Rumbling,2022-02-07
2026-02-07,Chico & Rita,FEEL,7Et5is6sEj6d1naU26wy14,Chico & Rita,2024-06-14
2026-02-07,Parisienne High Level,aupinard,33U9I7yBy34UXqKYObItne,Parisienne High Level,2024-03-01
2026-02-14,No Scrubs,TLC,0TImkz4nPqjegtVSMZnMRq,Fanmail,1999-02-23
2026-03-02,On the Level,Mac DeMarco,3Sz7ZnJQBIHsXLUSo0OQtM,This Old Dog,2017-05-05
2026-03-02,Come As You Are,Nirvana,6olE6TJLqED3rqDCT0FyPh,Nevermind (Remastered),1991-09-26
2026-03-05,Dracula - JENNIE Remix,Tame Impala,5INjqkS1o8h1imAzPqGZBb,Dracula (Remix),2026-02-06
2026-03-08,Pantomime,WJSN,6hhqsQZhtp9hfaZhSd0VSD,Neverland,2020-06-09
2026-03-24,Écoute Chérie,Vendredi sur Mer,0wuuYZFptujAsRthrdea2B,Premiers émois,2019-03-22
2026-04-01,HYPNOTIZE,XG,0LOK81e9H5lr61HlGGHqwA,THE CORE - 核,2026-01-23
2026-04-07,ABC Café / Red & Black,Eddie Redmayne,4EJP6Qhk6l18LumCcpEfLw,Les Misérables: The Motion Picture Soundtrack Deluxe (Deluxe Edition),2013-01-01
2026-04-10,Another (Demo) One #2,Mac DeMarco,3Sz7ZnJQBIHsXLUSo0OQtM,Another (Demo) One,2016-04-16
2026-04-11,Windows,LOCKE,3T6KTK86a8OPMQdxkDBLXR,Meditations,2024-12-14
2026-04-11,Berghain - Remix,Conrad Taylor,2xycbnmcCACddcAnOanEnw,Berghain (Remix),2026-03-06
2026-04-11,Killshot - Slowed + Reverb,Magdalena Bay,1oPRcJUkloHaRLYx0olBLJ,Killshot (Slowed + Reverb),2021-02-05
2026-04-19,SPRINTER,KARMA,2CbSXiRcLCT8xjNeoebez9,SPRINTER,2023-11-13
2026-04-19,Sunshine (My Girl),Wuki,6Se1y4vDcu9fVHLqdj1N3q,Sunshine (My Girl),2023-09-01
2026-04-19,Messages from the Stars,The Rah Band,7MDoXA8Kfykq3gkBkDBLtH,Going Up,1983
2026-04-21,The Winner Takes It All,ABBA,0LcJLqbBmaGUft1e9Mm8HV,Super Trouper,1980
2026-04-30,Nightcall,Kavinsky,0UF7XLthtbSF2Eur7559oV,Nightcall,2024-09-20
2026-04-30,Flashing Lights,Kanye West,5K4W6rqBFWDnAN6FQUkS6x,Graduation,2007-09-11
2026-05-03,GALA,XG,0LOK81e9H5lr61HlGGHqwA,THE CORE - 核,2026-01-23
2026-05-04,Magnetic,ILLIT,36cgvBn0aadzOijnjjwqMN,SUPER REAL ME,2024-03-25
2026-05-16,SLOW DANCING IN THE DARK,Joji,3MZsBdqDrRTJihTHQrO6Dq,BALLADS 1,2018-10-26
2026-05-23,"GONE, GONE / THANK YOU","Tyler, The Creator",4V8LLVI7PbaPR0K2TGSxFF,IGOR,2019-05-17
2026-05-24,神様はじめました,Hanae,056zUKoqXm2fJ9TYuNZ0k3,十戒クイズ,2013-11-27
2026-05-24,mosi mosi?,楽音,4W11pDowC8EO7a6cR5WO9L,mosi mosi?,2026-04-22
2026-05-24,come again,m-flo,4UhiMIdxKqQxmzdE9nYe6O,EXPO EXPO,2001-03-28
